date,year,month,international_arrivals,asia_arrivals,europe_arrivals,americas_arrivals,oceania_arrivals,other_markets_arrivals,was_imputed,quality_flag,covid_period,recovery_period,log_international_arrivals,international_arrivals_mom_growth_pct,international_arrivals_yoy_growth_pct,log_asia_arrivals,asia_arrivals_mom_growth_pct,asia_arrivals_yoy_growth_pct,log_europe_arrivals,europe_arrivals_mom_growth_pct,europe_arrivals_yoy_growth_pct,log_americas_arrivals,americas_arrivals_mom_growth_pct,americas_arrivals_yoy_growth_pct,log_oceania_arrivals,oceania_arrivals_mom_growth_pct,oceania_arrivals_yoy_growth_pct,log_other_markets_arrivals,other_markets_arrivals_mom_growth_pct,other_markets_arrivals_yoy_growth_pct
2012-01-01,2012,1,593408,358586,20863,43402,28591,141966,False,observed,0,0,13.29363746837926,,,12.789923798677174,,,9.945732534129874,,,10.678260801976018,,,10.260847261969445,,,11.863342871294156,,
2012-02-01,2012,2,681849,376639,42793,48585,29527,184305,False,observed,0,0,13.432563504686678,14.90391096850734,,12.839042447995299,5.034496606114014,,10.66412981679203,105.1143172122897,,10.79107012027354,11.941845997880286,,10.293060377975431,3.273757476128858,,12.124347272969782,29.823337982333808,
2012-03-01,2012,3,561877,300401,41389,36875,23212,160000,False,observed,0,0,13.239038243712255,-17.595098034902158,,12.612873527761383,-20.241663768223685,,10.630770424025688,-3.2809104292758184,,10.51528909364212,-24.102089122157043,,10.052424665310498,-21.387204931080028,,11.982929094215963,-13.187379615311578,
2012-04-01,2012,4,620000,333001,42408,42600,27597,174394,False,observed,0,0,13.337474757021274,10.344434814025139,,12.715900771961074,10.85216094487036,,10.655092302667642,2.462006813404538,,10.659609532257463,15.525423728813559,,10.225462350145268,18.891090815095634,,12.069072386195472,8.996249999999995,
2012-05-01,2012,5,520375,297023,26249,39501,23548,134055,True,segment_reconciliation,0,0,13.162304984497277,-16.06854838709677,,12.601564855863872,-10.804171759243964,,10.175383172056032,-38.10365968685153,,10.584081267024454,-7.274647887323948,,10.066796170148152,-14.671884625140418,,11.806005442483603,-23.13095634024106,
2012-06-01,2012,6,417429,259845,9551,36298,19364,92371,False,observed,0,0,12.941869748930987,-19.78304107614701,,12.467840578381152,-12.516875797497162,,9.164401140034737,-63.613851956265,,10.499517922316345,-8.108655477076532,,9.871170951059584,-17.7679633089859,,11.43356835555382,-31.094699936593184,
2012-07-01,2012,7,466000,278142,15584,34370,20643,117261,False,observed,0,0,13.051940913107783,11.635751229550406,,12.535887053630177,7.041505512901924,,9.654000025882317,63.1661606114543,,10.44493936984388,-5.311587415284591,,9.935131557870589,6.605040280933694,,11.672157498539152,26.945686416732517,
2012-08-01,2012,8,525292,324759,20993,30601,19860,129079,False,observed,0,0,13.171709577433356,12.7236051502146,,12.690838647774697,16.760144099057307,,9.951944327804322,34.708675564681734,,10.328787967145063,-10.965958684899624,,9.896462937599164,-3.793053335271035,,11.768179899002329,10.078372178303097,
2012-09-01,2012,9,460238,289681,10470,28913,22191,108983,False,observed,0,0,13.039499025968894,-12.384350037693325,,12.576535596518625,-10.801240304348758,,9.256269303864583,-50.126232553708384,,10.272046599948313,-5.5161596026273685,,10.007442080255977,11.737160120845914,,11.598947185744988,-15.568760216611533,
2012-10-01,2012,10,556367,340642,16062,32729,23191,143743,True,segment_reconciliation,0,0,13.229183427423497,20.88680204589799,,12.73858735141115,17.592109941625434,,9.684211512748407,53.409742120343836,,10.396016814019003,13.198215335662166,,10.05151955135521,4.50633139561083,,11.875782261821751,31.89488268812568,
2012-11-01,2012,11,655701,393302,21840,36673,24224,179662,False,observed,0,0,13.39346017133824,17.85404238569146,,12.882333043583682,15.459044979773484,,9.991498429858842,35.97310422114306,,10.509796068463533,12.05047511381343,,10.095099156237175,4.4543141736018255,,12.09883258685972,24.988347258649114,
2012-12-01,2012,12,614673,425835,74410,45523,30553,38352,False,observed,0,0,13.32884569806512,-6.257120242305558,,12.961807226278552,8.271760631779145,,11.217345620391306,240.7051282051282,,10.725972971725227,24.132195348076245,,10.327218159451137,26.126981505944524,,10.554561956674165,-78.65324887844953,
2013-01-01,2013,1,592574,401893,80464,50350,27666,32202,True,stale_repeated_vector,0,0,13.29223103870752,-3.5952449513806495,-0.14054411130284272,12.903941163017633,-5.6223654701938575,12.077158617458572,11.295565158411746,8.136003225372935,285.67799453578107,10.826753898146709,10.603431232563754,16.00847887194139,10.22795950143476,-9.449153929237719,-3.2352838305760523,10.379783841404883,-16.035669586983726,-77.31710409534678
2013-02-01,2013,2,570476,377951,86518,55176,24780,26051,False,observed,0,0,13.254226379038283,-3.729154502222509,-16.33396837129628,12.842519836569448,-5.957307044412319,0.34834417041251786,11.368107763757282,7.523861602704307,102.17792629635687,10.918283355111127,9.584905660377352,13.565915405989504,10.117792155183134,-10.431576664497943,-16.076811054289298,10.167811434160654,-19.101298056021363,-85.86527766474052
2013-03-01,2013,3,587366,393438,101686,47495,24739,20008,False,observed,0,0,13.283403413878704,2.960685462666257,4.536402095120473,12.882678774069877,4.097621120198114,30.970935516193364,11.529644912776996,17.531611918907043,145.68363574862886,10.768379721324283,-13.920907641003332,28.800000000000004,10.116136224757685,-0.1654560129136451,6.578493882474579,9.903887472557455,-23.196806264634752,-87.495
2013-04-01,2013,4,613919,402606,99575,46521,34003,31214,False,observed,0,0,13.327618276602726,4.520690676681993,-0.9808064516129034,12.905713695206435,2.3302273801717233,20.90233963261372,11.508666408049844,-2.0759986625494165,134.8023957743822,10.747659102532259,-2.0507421833877215,9.204225352112672,10.434204034999912,37.446946117466354,23.212668043627936,10.3486219911025,56.00759696121551,-82.1014484443272
2013-05-01,2013,5,558751,387869,72500,36441,23873,38068,False,observed,0,0,13.233459214617486,-8.98620176277326,7.374681719913534,12.868422932729974,-3.660402477856761,30.585510213013812,11.191341840842766,-27.190559879487818,176.20099813326223,10.50344979336838,-21.667633971754697,-7.74663932558669,10.080503392206552,-29.79148898626591,1.3801596738576505,10.547129313192235,21.95809572627667,-71.60270038417067
2013-06-01,2013,6,567291,391279,56341,44868,22772,52031,False,observed,0,0,13.24862767856692,1.5284088977022048,35.90119517331092,12.877176139495395,0.8791628101240345,50.58169293232504,10.939177790651616,-22.288275862068964,489.8963459323631,10.711480124765114,23.125051453033674,23.610116259849036,10.033286990070973,-4.611904662170652,17.59966948977485,10.859594973780608,36.67910055689818,-43.671715148693856
2013-07-01,2013,7,621108,428985,75544,40908,23824,51846,True,segment_reconciliation,0,0,13.339260258837975,9.48666557375315,33.28497854077253,12.969177232263897,9.636602015441674,54.232370515779714,11.232470546942904,34.0835270939458,384.75359342915806,10.619080921925903,-8.825889275207278,19.022403258655807,10.07844875492379,4.619708413841561,15.409581940609417,10.856033065069454,-0.3555572639388105,-55.78581113925346
2013-08-01,2013,8,676719,467948,95388,36817,24911,51655,False,observed,0,0,13.425011399260763,8.953515330667127,28.827204678540696,13.056112457615376,9.082601955779346,44.090848906419836,11.465708063361113,26.268135126548774,354.3800314390511,10.513714974009698,-10.000488901926275,20.313061664651478,10.123064751970729,4.562625923438546,25.433031218529713,10.852342275283545,-0.36839871928403545,-59.98187156702485
2013-09-01,2013,9,614827,438156,64123,34882,27031,50635,False,observed,0,0,13.329096206403152,-9.145893642708424,33.58892572973113,12.990330290330666,-6.366519356851619,51.25465598365098,11.06855839290286,-32.77665953788736,512.4450811843362,10.459726215828614,-5.255724257815686,20.644692698786017,10.204739634516608,8.510296656095706,21.810643954756426,10.832398315766385,-1.9746394347110674,-53.53862529018287
2013-10-01,2013,10,628695,384494,78231,38799,2924,124247,False,observed,0,0,13.351401521420806,2.255593849977311,13.000052123867878,12.859683463124677,-12.247236144204344,12.873339165458164,11.267421267417317,22.001465932660658,387.05640642510275,10.566149752083353,11.229287311507363,18.546243392709826,7.980707820869669,-89.18279012985091,-87.39166055797507,11.730026798798168,145.37770316974425,-13.56309524637721
2013-11-01,2013,11,731034,485625,118248,47186,25879,54096,False,observed,0,0,13.50221524927819,16.278004437763947,11.488925592610055,13.093192000104048,26.302361025139543,23.473819100843627,11.680539392891909,51.15235648272425,441.42857142857144,10.761852517406659,21.6165365086729,28.666866632127185,10.161187107991946,785.0547195622435,6.832067371202122,10.898515524947667,-56.460920585607695,-69.89012701628614
2013-12-01,2013,12,722349,481986,99271,45474,31955,63663,False,observed,0,0,13.490263680586112,-1.1880432373870486,17.517606922705255,13.08567034696775,-0.749343629343624,13.186093205114657,11.505608763069848,-16.04847439280157,33.41083187743583,10.724896013040084,-3.6281948035434275,-0.10763789732662898,10.372083942084382,23.478496077901,4.588747422511696,11.061358825079159,17.68522626441882,65.99655819774719
2014-01-01,2014,1,782188,515611,113665,54904,30420,67588,True,stale_repeated_vector,0,0,13.569850399840947,8.283945848890228,31.99836644874734,13.153107884187323,6.976343711228128,28.295591115048026,11.641010804733448,14.499702833657357,41.261930801352165,10.91334148458847,20.737124510709414,9.044687189672285,10.322855565813283,-4.803630104834921,9.95445673389721,11.12118573148054,6.165276534250674,109.88758462207318
2014-02-01,2014,2,842026,549236,128059,64333,28885,71513,False,observed,0,0,13.64356617160758,7.650079009138477,47.600600200534295,13.216283500618403,6.521389186809445,45.319366796224905,11.760246374202698,12.663528790744728,48.014286044522535,11.071827997858339,17.173612122978298,16.595983761055532,10.271077708215365,-5.046022353714664,16.565778853914438,11.177634530336995,5.807243889447822,174.5115350658324
2014-03-01,2014,3,709725,477069,123395,47949,24315,36997,False,observed,0,0,13.472632850044542,-15.712222662958153,20.83181525658617,13.075416413497134,-13.139524721613293,21.256462263431587,11.723145870993948,-3.642071232791133,21.34905493381587,10.777893225036763,-25.46748946885735,0.9558900936940784,10.098848722837886,-15.821360567768739,-1.7138930433728161,10.518592107258032,-48.265350355879356,84.91103558576569
2014-04-01,2014,4,745980,509839,106278,45192,35577,49094,False,observed,0,0,13.522454069175039,5.108316601500573,21.511143978277268,13.141850268586598,6.869027331476163,26.634724768135598,11.573813581480652,-13.871712792252522,6.7316093396937005,10.718675359005099,-5.749859225427012,-2.856774359966463,10.479454640632905,46.3170882171499,4.629003323236192,10.801492106722966,32.69724572262616,57.28198885115654
2014-05-01,2014,5,674204,479029,75890,38562,24935,55788,False,observed,0,0,13.421288014722077,-9.621705675755388,20.66269232627771,13.079516417357906,-6.043084189322512,23.502780577978655,11.237040202397958,-28.592935508760043,4.675862068965508,10.56002261459934,-14.670738183749332,5.820367168848284,10.124027717980223,-29.912583972791406,4.448540191848527,10.929314071478585,13.635067421680859,46.54828202164547
2014-06-01,2014,6,539776,395506,63250,46048,23052,11920,False,observed,0,0,13.198909517666177,-19.93877224104277,-4.850244407191373,12.88792123674481,-17.435896365355752,1.080303312981279,11.054850406589766,-16.655685861114765,12.262828135815829,10.737439609687094,19.41289352212021,2.6299367032183385,10.045507812556558,-7.551634249047523,1.2295801861935685,9.385972940619341,-78.63339786333978,-77.09058061540236
2014-07-01,2014,7,564736,367184,90299,46597,34566,26090,False,observed,0,0,13.24411364429301,4.624140384159348,-9.076038305737487,12.813618363794394,-7.16095331044283,-14.406331223702463,11.410881665146636,42.76521739130435,19.531663666207777,10.749291440359002,1.192234190410013,13.906815292852247,10.450625818960438,49.94794377928162,45.08898589657488,10.169307378130775,118.87583892617451,-49.67789221926474
2014-08-01,2014,8,618588,431929,109642,39061,24787,13169,False,observed,0,0,13.335194740402855,9.53578309156844,-8.590123818010131,12.97601650186715,17.63284892587913,-7.697222768341783,11.604975791768043,21.42105671159149,14.943179435568421,10.572879805741458,-16.172714981651183,6.0950104571257935,10.118074601167217,-28.290805994329695,-0.49777206856408407,9.48562086171022,-49.524722115753164,-74.50585616106864
2014-09-01,2014,9,590881,428514,74398,35007,26926,26036,False,observed,0,0,13.289369922475968,-4.479071692305703,-3.8947541340897507,12.968078688598268,-0.7906392022762998,-2.2005860926245457,11.217184338739433,-32.14461611426278,16.023891583363216,10.463303320474218,-10.378638539719919,0.3583510119832489,10.20084764153918,8.629523540565609,-0.3884428988938593,10.167235474692278,97.70673551522515,-48.5810210328824
2014-10-01,2014,10,559002,402746,70059,36204,28213,21780,False,observed,0,0,13.233908329948367,-5.395164170112087,-11.085343449526396,12.906061369270471,-6.013339120775518,4.747018158930949,11.157093023169736,-5.832146025430795,-10.44598688499444,10.496924888947062,3.4193161367726432,-6.688316709193531,10.24753814360942,4.779766768179461,864.8768809849521,9.988747396486952,-16.346597019511442,-82.47040169983984
2014-11-01,2014,11,608617,407016,127581,40870,22293,10857,False,observed,0,0,13.318944449015783,8.87563908536999,-16.745732756615972,12.916607775691347,1.0602215788611202,-16.187181467181468,11.756506735984384,82.10508285873334,7.892733915161365,10.618151576558324,12.888078665340853,-13.385326156063238,10.01202800682558,-20.983234679048667,-13.856795084817808,9.292565312231853,-50.15151515151515,-79.93012422360249
2014-12-01,2014,12,657304,449085,101232,46107,31932,28948,False,observed,0,0,13.395901899734444,7.999612235609588,-9.004650106804323,13.014967458384431,10.33595730880359,-6.826131879349195,11.525170191386666,-20.65276177487243,1.9754006708907923,10.738720061275421,12.813799853193043,1.3920042221928997,10.37136392076569,43.23778764634638,-0.07197621655452568,10.273256395986019,166.6298240766326,-54.52931844242339
2015-01-01,2015,1,706652,453411,112566,58618,40986,41070,True,stale_repeated_vector,0,0,13.468293603047723,7.507637257646382,-9.657013403427307,13.024554277899338,0.9632920271218204,-12.06335784147351,11.631294995271666,11.196064485538159,-0.9668763471605168,10.978797095634402,27.1347083956883,6.764534460148619,10.620985823959904,28.354002254791432,34.73372781065089,10.623033206950604,41.8750863617521,-39.23477540391785
2015-02-01,2015,2,756000,457737,123901,71129,50040,53193,False,observed,0,0,13.53579665516167,6.98335248467421,-10.216549132687113,13.034050062351936,0.9541012458894826,-16.659323132496773,11.727238138609684,10.069648028712042,-3.2469408631958685,11.172250408863095,21.343273397249995,10.563785304587082,10.820577964580847,22.090469916556877,73.23870521031677,10.881682087725098,29.517896274653022,-25.617719855131238
2015-03-01,2015,3,617895,397454,106958,51456,22781,39246,False,observed,0,0,13.33407381909207,-18.267857142857146,-12.93881432949382,12.89283448310963,-13.16978963902853,-16.688361641607397,11.580191513022097,-13.674627323427579,-13.320636978807897,10.848482352538639,-27.65819848444375,7.314021147469196,10.033682134193954,-54.474420463629095,-6.308862841867158,10.577604807189267,-26.219615362923697,6.078871259831886
2015-04-01,2015,4,690440,461945,107528,48877,34238,37852,False,observed,0,0,13.445084354500626,11.74066791283308,-7.445239818761895,13.043201115358098,16.22602867250047,-9.393945931951064,11.585506557750984,0.5329194637147205,1.1761606353149379,10.79706221716655,-5.012049129353235,8.154098070454951,10.441091417334723,50.29190992493744,-3.7636675380161355,10.541439097628123,-3.5519543392957265,-22.898928585977917
2015-05-01,2015,5,611262,418851,86401,47862,27946,30202,True,stale_repeated_vector,0,0,13.323280951480356,-11.467759689473379,-9.335750010382615,12.94527052706866,-9.328816201062896,-12.56249621630423,11.366754528799243,-19.647905661781117,13.850309658716565,10.776077149139185,-2.0766413650592286,24.11700637933718,10.238029355640393,-18.377241661311995,12.075396029677155,10.315663426335734,-20.21029271901088,-45.862909586290954
2015-06-01,2015,6,529445,374321,64570,46813,21445,22296,False,observed,0,0,13.179584567051613,-13.384931502367237,-1.9139420796774997,12.832868997047536,-10.631465604713853,-5.356429485266978,11.075505185620512,-25.26706866818671,2.086956521739136,10.753916221110412,-2.1917178555012296,1.6613099374565676,9.973246796950981,-23.26272096185501,-6.971195557869169,10.012162569161784,-26.177074365936026,87.04697986577182
2015-07-01,2015,7,593566,390746,92940,52986,32225,24669,False,observed,0,0,13.29390369156685,12.110984143773207,5.105040231187674,12.875813011507079,4.3879451059384955,6.416946272168711,11.43970940263897,43.93681276134427,2.9247278485919015,10.877783006696857,13.186508021276143,13.711183123377047,10.380497827807389,50.268127768710656,-6.772551061736964,10.113302673639005,10.643164693218509,-5.446531238022234
2015-08-01,2015,8,664985,463223,107797,42502,24454,27009,False,observed,0,0,13.407519762992614,12.032191870828179,7.500468809611571,13.045963858585031,18.548366458005972,7.2451722389559325,11.588005107756247,15.985582095975893,-1.6827493113952707,10.657306412628806,-19.786358660778312,8.809298277053834,10.104549080704135,-24.11481768813033,-1.3434461612942261,10.203925422776587,9.485589201021515,105.09529956716533
2015-09-01,2015,9,626324,461395,75923,36498,25608,26900,False,observed,0,0,13.347623088073089,-5.813815349218398,5.998331305288196,13.042009788078765,-0.39462634627382975,7.673261550381083,11.237474947782342,-29.568540868484284,2.0497862845775483,10.505012743548761,-14.12639405204461,4.259148170365923,10.150660081649699,4.719064365747938,-4.894897125454955,10.19988156558993,-0.4035691806434927,3.3184821017053334
2015-10-01,2015,10,649099,463252,89260,42821,27640,26126,False,observed,0,0,13.383340526425703,3.636296868713318,16.11747364052365,13.046026461461546,0.4024751026777462,15.023364602007216,11.399308738183262,17.566481830275404,27.406899898656857,10.66478391544408,17.324236944490103,18.276985968401284,10.227019277881606,7.935020306154317,-2.030978626874136,10.17068626604651,-2.8773234200743514,19.954086317722684
2015-11-01,2015,11,732740,494870,127304,52872,24552,33142,False,observed,0,0,13.504546211260635,12.88570772717259,20.3942709454386,13.112050380795885,6.825226874357804,21.584900839279044,11.75433320589002,42.62155500784226,-0.21711696882764642,10.875629177150289,23.47212816141613,29.366283337411314,10.108548596299572,-11.172214182344431,10.133225676221237,10.408556639189738,26.85447446987674,205.25927972736483
2015-12-01,2015,12,760798,522991,116322,54890,30906,35689,False,observed,0,0,13.542123161398084,3.8291890711575682,15.745225953287978,13.167319534485992,5.682502475397588,16.457018159145818,11.664117486567262,-8.626594608181993,14.906353722143194,10.913086461543935,3.816765017400514,19.049168239096016,10.33870561879364,25.879765395894427,-3.213077790304397,10.482597797038709,7.685112546014117,23.286582838192626
2016-01-01,2016,1,760798,522991,116322,54890,30906,35689,False,observed,0,0,13.542123161398084,0.0,7.662328840787258,13.167319534485992,0.0,15.345900297963656,11.664117486567262,0.0,3.336709130643345,10.913086461543935,0.0,-6.359821215326356,10.33870561879364,0.0,-24.593763724198503,10.482597797038709,0.0,-13.102020939858782
2016-02-01,2016,2,843726,588727,143321,81597,28550,1531,False,observed,0,0,13.64558307631988,10.900133806871203,11.603968253968254,13.285717857732266,12.569241153289434,28.616869512405586,11.872842148787795,23.210570657313312,15.673804085519883,11.309547775570477,48.6554928037894,14.716922774114627,10.259412215084156,-7.62311525270174,-42.945643485211825,7.333676395657684,-95.71016279525905,-97.12180174083056
2016-03-01,2016,3,830608,584433,153505,64702,26000,1968,False,observed,0,0,13.629913241724028,-1.5547701504990963,34.42542826855694,13.278397425436898,-0.7293703193500534,47.0441862454523,11.941488418768794,7.105727702151121,43.51895136408683,11.077547391912312,-20.7054180913514,25.742381840796025,10.165851817003619,-8.931698774080566,14.130196216145041,7.584773077612199,28.54343566296538,-94.98547622687661
2016-04-01,2016,4,799612,559313,142409,60012,35255,2623,False,observed,0,0,13.591881888999522,-3.7317242309248155,15.811946005445797,13.234464523879446,-4.298183025256963,21.077833941270075,11.866458478210026,-7.228429041399298,32.438992634476605,11.002299821206904,-7.248616735185931,22.781676453137468,10.470362642153141,35.59615384615385,2.9703837840995284,7.872073979866873,33.282520325203244,-93.0703793722921
2016-05-01,2016,5,767373,581624,110818,49459,23395,2077,False,observed,0,0,13.550728272438732,-4.031830437762318,25.539130520137032,13.273579469824604,3.989000792043096,38.86179094713873,11.615644494974603,-22.183288977522487,28.26008958229651,10.808899322512744,-17.58481637005932,3.336676277631523,10.060277603300317,-33.64061835200681,-16.284978172189223,7.638679823876112,-20.81585970263058,-93.12297198861003
2016-06-01,2016,6,710574,539773,84138,59143,25285,2235,False,observed,0,0,13.473828373101478,-7.4017459566599335,34.21110785822889,13.198903959789693,-7.195542137188282,44.200565824519586,11.340213586954706,-24.075511198541754,30.305095245470028,10.987713519208159,19.57985402050182,26.33883750240318,10.137966613514083,8.078649284035055,17.906271858242008,7.711996507047669,7.607125662012515,-89.97578040904199
2016-07-01,2016,7,856438,631377,121874,64497,36468,2222,False,observed,0,0,13.66053720650215,20.52762977536471,44.28690322558906,13.355658427454904,16.970837741050417,61.58246021712315,11.710743003138282,44.8501271720269,31.13191306219065,11.074373990074257,9.05263513856247,21.724606499830145,10.504190442704793,44.22780304528378,13.166795965865008,7.706162970199576,-0.5816554809843444,-90.99274392962829
2016-08-01,2016,8,909866,675530,150207,53454,28301,2374,False,observed,0,0,13.72105261490303,6.23839670822639,36.82504116634209,13.42325284694323,6.993127719254888,45.83256876277733,11.919769621753511,23.24778049460918,39.3424677866731,10.886576749948699,-17.121726591934504,25.768199143569714,10.250652418696085,-22.394976417681256,15.73157765600719,7.772331575169614,6.840684068406833,-91.21033729497576
2016-09-01,2016,9,823135,637066,109427,45115,29345,2182,False,observed,0,0,13.62087550022897,-9.532282775705436,31.423193107720614,13.364628539862125,-5.693899604754781,38.07388463247325,11.60301293925099,-27.149200769604608,44.128920090091285,10.716970064428601,-15.60032925506043,23.609512850019176,10.286877452992435,3.6889155860216905,14.593095907528909,7.687997166393016,-8.087615838247686,-91.88847583643123
2016-10-01,2016,10,822145,618294,116984,52621,31800,2446,False,observed,0,0,13.619672057508602,-0.12027188735748151,26.659415589917714,13.334719351472405,-2.946633472826987,33.46817714764319,11.669792452291714,6.905973845577407,31.05982522966615,10.870870558594627,16.637481990468793,22.885967165643017,10.367221568768269,8.365990799113998,15.050651230101298,7.802209316247118,12.09899175068745,-90.63767894051902
2016-11-01,2016,11,936779,662678,179947,64271,27410,2473,False,observed,0,0,13.750202674276554,13.943282510992594,27.846029969702755,13.404044479999992,7.178462026155841,33.90951158890214,12.100417642070626,53.821890173015106,41.352196317476285,11.070863797603241,22.139450029455922,21.55961567559388,10.218663189296832,-13.805031446540884,11.640599543825347,7.813187267521416,1.1038430089942874,-92.53816909057993
2016-12-01,2016,12,897279,652264,148826,63008,29686,3495,False,observed,0,0,13.707122129468317,-4.216576161506613,17.939190166115047,13.388204666931138,-1.5715022982504379,24.71801618001075,11.91053311730021,-17.29453672470227,27.943123398841152,11.051016981438853,-1.9651164599897353,14.789579158316624,10.29843083318471,8.303538854432691,-3.9474535688863055,8.15908865466791,41.32632430246663,-90.20706660315503
2017-01-01,2017,1,1048350,767963,171678,75690,30052,2968,True,stale_repeated_vector,0,0,13.862728057573385,16.83656922763155,37.79610356494103,13.551496833885922,17.738063115548307,46.8405766064808,12.053375908216053,15.354843911682092,47.588590292464026,11.234401330303212,20.12760284408328,37.89396975769721,10.31068449348905,1.2329043993801747,-2.763217498220405,7.995643604287271,-15.078683834048645,-91.68371206814425
2017-02-01,2017,2,1199421,883662,194529,88371,30417,2442,False,observed,0,0,13.997349498317647,14.410359135784812,42.1576435951956,13.69182991556308,15.065699779807096,50.0970738559638,12.17833653118337,13.310383392164393,35.72958603414713,11.389299140505509,16.753864447086798,8.301775800580913,10.322756941620689,1.2145614268601168,6.539404553415062,7.80057265467065,-17.722371967654983,59.50359242325278
2017-03-01,2017,3,1128138,845096,173067,77896,29509,2570,True,stale_repeated_vector,0,0,13.936079043982694,-5.943117554219912,35.82074817483096,13.6472055093537,-4.364338400881785,44.601006445563485,12.061434081742114,-11.032802307111023,12.74355884173155,11.263129882658593,-11.85343608197259,20.391950789774647,10.292450580544786,-2.985172765229971,13.496153846153835,7.851661177889265,5.2416052416052406,30.589430894308943
2017-04-01,2017,4,1049218,802397,149306,66299,28504,2712,True,stale_repeated_vector,0,0,13.86355568275602,-6.995598056266161,31.21588970650766,13.595358776839225,-5.0525620757878364,43.46117469109425,11.913753170261646,-13.72936492803365,4.843092782057323,11.101930093103945,-14.887799116771083,10.476238085716183,10.257799707285672,-3.4057406215053043,-19.149056871365765,7.905441649060286,5.525291828793777,3.393061380099116
2017-05-01,2017,5,972844,761076,126312,55076,27531,2849,False,observed,0,0,13.78797901943434,-7.279135508540646,26.775896467558802,13.542488500451242,-5.149695225680051,30.85360989230155,11.746510315701725,-15.400586714532572,13.98148315255645,10.916469328564263,-16.927857132083435,11.35688145736873,10.223067921487123,-3.4135559921414593,17.678991237443896,7.954723334497908,5.051622418879065,37.16899374097255
2017-06-01,2017,6,949362,746441,105892,64375,30591,2063,False,observed,0,0,13.763545459019198,-2.413747733449556,33.60494473482001,13.523071857338918,-1.9229354230063778,38.28794697030047,11.570174985770922,-16.166318322883022,25.855142741686276,11.072480637966038,16.883942188975244,8.846355443585896,10.328461127032336,11.114743380189607,20.984773581174608,7.631916513071252,-27.58862758862759,-7.695749440715883
2017-07-01,2017,7,1036880,784981,135380,70575,42958,2986,False,observed,0,0,13.851726762097258,9.218612078427402,21.068892319117083,13.573414792649972,5.163167618070275,24.328412343180062,11.815840918062598,27.847240584746725,11.081937082560668,11.16443125312169,9.63106796116504,9.423694125308145,10.667978173164208,40.42692295119479,17.796424262367005,8.001689978099135,44.740668928744554,34.38343834383439
2017-08-01,2017,8,1229163,967302,164272,60155,34216,3218,False,observed,0,0,14.021844007906806,18.54438314944835,35.092749921416996,13.782266031779377,23.226167257551467,43.1915681020828,12.009278869538745,21.34140936622839,9.363744698982067,11.004679843467624,-14.764434998228836,12.536012272234064,10.440448649906745,-20.350109409190374,20.900321543408353,8.076515327552329,7.76959142665774,35.55181128896376
2017-09-01,2017,9,975952,774217,115634,49177,34096,2828,False,observed,0,0,13.791168683857968,-20.600278400830486,18.56524142455369,13.559607475034957,-19.961191024106228,21.528538644347673,11.658185309623358,-29.608210772377518,5.672274667129695,10.803181313502913,-18.24952206799102,9.003657320181757,10.436935354338399,-0.3507131166705646,16.190151644232408,7.947325027016463,-12.11932877563704,29.605866177818505
2017-10-01,2017,10,1024899,800043,126638,56814,38381,3023,False,observed,0,0,13.840104629114231,5.015308129908025,24.661586459809403,13.592420755205584,3.3357572876854924,29.39523915807043,11.749087901631702,9.516232250030265,8.252410586063053,10.947538053211556,15.529617504117788,7.968301628627361,10.555317824459362,12.567456593148751,20.694968553459113,8.014004994779459,6.895332390381892,23.589533932951756
2017-11-01,2017,11,1172568,865737,197238,74370,32404,2819,False,observed,0,0,13.974706773356491,14.408151437361138,25.17018421634132,13.671336446269747,8.211308642160486,30.642182175958755,12.192166400355605,55.74945908810942,9.608940410231902,11.216807913697346,30.90083430140458,15.713152121485585,10.386037150950381,-15.572809463015558,18.219627873039034,7.9441374911141125,-6.748263314588154,13.991103922361514
2017-12-01,2017,12,1276353,997670,167164,71503,35996,4020,False,observed,0,0,14.059517350395513,8.851085821888361,42.2470602789099,13.813177839290447,15.239385633281245,52.954938491163084,12.02673064544521,-15.247568926880216,12.321771733433673,11.177494685843843,-3.855049078929673,13.482414931437269,10.49116310015384,11.085051228243437,21.255810819915123,8.299037181613066,42.603760198652,15.021459227467805
2018-01-01,2018,1,1354099,1037070,191486,86634,35473,3436,True,stale_repeated_vector,0,0,14.118646846472748,6.091261586724039,29.16478275385128,13.85190998734428,3.9492016398207763,35.041662163411516,12.162569977880779,14.549783446196551,11.537879052645073,11.369447627199275,21.161349873431877,14.458977407847806,10.476527122708163,-1.4529392154683851,18.03873286303741,8.142063283104147,-14.5273631840796,15.768194070080854
2018-02-01,2018,2,1431845,1076469,215809,101764,34950,2853,False,observed,0,0,14.174474380420868,5.741529976759452,19.378016559656697,13.889196798344509,3.7990685296074522,21.819089199263964,12.282149036219199,12.702234105887644,10.939242992047449,11.530411685977503,17.464274995960018,15.155424290774121,10.461673747661957,-1.47436078143941,14.902850379721876,7.9561263512135,-16.9674039580908,16.83046683046683
2018-03-01,2018,3,1343314,1030044,204460,76759,28841,3210,False,observed,0,0,14.110650253091636,-6.183001651715092,19.07355305822516,13.845112077740014,-4.312711281049431,21.884850951844513,12.228127636311005,-5.258816824136159,18.139217759595994,11.248425922418225,-24.571557721787663,-1.4596384923487693,10.269553264861555,-17.479256080114446,-2.26371615439358,8.07402621612406,12.513144058885395,24.90272373540856
2018-04-01,2018,4,1341913,1015596,197650,81080,43866,3721,False,observed,0,0,14.10960676579829,-0.1042943049800682,27.89649052913694,13.830986190246417,-1.4026585272085446,26.570263846948585,12.194253068724832,-3.3307248361537756,32.37914082488314,11.303191600565937,5.629307312497556,22.294453913332024,10.68889481152137,52.0959744807739,53.894190289082246,8.221747728346623,15.919003115264797,37.205014749262546
2018-05-01,2018,5,1161114,930389,133485,63787,30209,3244,False,observed,0,0,13.964890447074056,-13.473228145192717,19.35253750858308,13.743358057244818,-8.389851870231869,22.24652991291276,11.801744390959072,-32.463951429294205,5.678795363860911,11.06330468681515,-21.328317710902812,15.816326530612246,10.315895172210867,-31.133451876168326,9.727216592205146,8.084562415235304,-12.819134641225482,13.86451386451386
2018-06-01,2018,6,1183102,967996,110564,71936,29883,2723,False,observed,0,0,13.983650360714503,1.893698637687602,24.620745300528135,13.782983234018772,4.042072724419565,29.68151535084487,11.61334981779711,-17.171217739820953,4.412042458353804,11.183532113813309,12.77533039647578,11.74524271844659,10.305045035813276,-1.0791485980998994,-2.314406197901342,7.909489492673759,-16.060419235511713,31.992244304411056
2018-07-01,2018,7,1188817,921373,142660,77830,43446,3508,False,observed,0,0,13.988469252977975,0.4830521797782428,14.65328678342721,13.733620227820397,-4.816445522502155,17.375197616248037,11.86821945583203,29.02934047248653,5.377456049638063,11.262282239953434,8.193394128113884,10.279844137442428,10.679274066616875,45.387009336412,1.1359932957772712,8.162801353492073,28.828497980168933,17.481580709979916
2018-08-01,2018,8,1323546,1046276,173852,65579,34180,3659,False,observed,0,0,14.095825056373224,11.333031072065758,7.678639854925673,13.86074775113416,13.556181915467459,8.164358183897068,12.065959641540097,21.864573110893026,5.8317911756111895,11.091010801730992,-15.7407169471926,9.016706840661627,10.439395956669582,-21.32762509782259,-0.10521393500116938,8.204945165019208,4.30444697833523,13.704164077066494
2018-09-01,2018,9,1212597,994451,127200,54500,33293,3153,False,observed,0,0,14.008274898593946,-8.38270827005635,24.247606439660974,13.80994610507186,-4.953281925610453,28.44602998900825,11.75351592988816,-26.83431884591492,10.002248473632314,10.905955980651335,-16.894127693316463,10.824165768550342,10.413102443661062,-2.5950848449385555,-2.3551149694978846,8.056109659545061,-13.828915004099485,11.492220650636487
2018-10-01,2018,10,1205157,960172,139393,63274,38624,3694,False,observed,0,0,14.00212040687626,-0.6135591626896697,17.587879391042428,13.774867714062255,-3.4470275559077335,20.015049191105973,11.8450525608397,9.585691823899367,10.072016298425424,11.055229781258411,16.099082568807344,11.370436864153199,10.561629123897259,16.01237497371819,0.6331257653526379,8.214465160759186,17.158261972724386,22.19649354945419
2018-11-01,2018,11,1301909,994349,196578,76522,31084,3376,False,observed,0,0,14.07934220683494,8.02816562489368,11.030575625464788,13.809843530655037,3.5594664289314792,14.855781836747184,12.188814578093893,41.02429820722704,-0.33462111763453706,11.245333560170282,20.937509877674863,2.893639908565282,10.344448496329132,-19.521541010770505,-4.073571164053824,8.124446855715847,-8.60855441256091,19.758779709116702
2018-12-01,2018,12,1374235,1091610,170743,73133,34141,4608,False,observed,0,0,14.133407770618767,5.55538059879761,7.668881571164099,13.903164228639145,9.781374547568312,9.415939138191987,12.04791478098508,-13.142365880210406,2.1410112225120237,11.200034980259629,-4.428791720028224,2.279624631134358,10.438254287073526,9.834641616265593,-5.153350372263588,8.435549202375727,36.49289099526067,14.626865671641799
2019-01-01,2019,1,1481198,1155460,199864,88219,33612,4042,True,stale_repeated_vector,0,0,14.208361777764134,7.783457705559815,9.386241330951428,13.960009091048493,5.849158582277547,11.41581571157202,12.20539241422531,17.055457617589,4.375254587802768,11.387577638296568,20.62817059330262,1.8295357480896612,10.42263842504811,-1.5494566650068875,-5.246243621909619,8.304494897963567,-12.282986111111116,17.63678696158324
2019-02-01,2019,2,1588161,1219310,228986,103305,33084,3476,False,observed,0,0,14.278087301040495,7.221384311888079,10.917103457427313,14.013795682941772,5.525937721773144,13.269402091467564,12.341416145296355,14.570908217587952,6.105862128085482,11.545441056646908,17.10062458200614,1.5142879603789128,10.406805060811797,-1.570867547304533,-5.33905579399142,8.153637486385282,-14.002968827313211,21.8366631615843
2019-03-01,2019,3,1410187,1067426,223742,84845,30855,3319,False,observed,0,0,14.159232877674025,-11.206294575927755,4.9782106045198615,13.880760700839025,-12.456553296536566,3.6291653560430515,12.318248881307962,-2.2900963377673778,9.430695490560502,11.348581341406927,-17.86941580756014,10.534269597050505,10.337054090755167,-6.737395719985495,6.983114316424532,8.107418811719974,-4.516685845799772,3.395638629283493
2019-04-01,2019,4,1468766,1132070,206205,81863,44298,4330,False,observed,0,0,14.199933150432292,4.153988088104632,9.453146366418697,13.93955837328924,6.0560638395542155,11.468536701601817,12.23662609857363,-7.838045606099886,4.32835820895523,11.312802397310374,-3.5146443514644354,0.9657128761716871,10.69869480828722,43.5683033543996,0.984817398440696,8.373322820996535,30.460982223561306,16.366568126847625
2019-05-01,2019,5,1326668,1080932,143270,66260,32536,3670,False,observed,0,0,14.098181093617132,-9.674652054854215,14.25820375949305,13.893334189924907,-4.517211833190526,16.180651318964422,11.872486240887419,-30.520598433597634,7.330411656740465,11.101341675853886,-19.059892747639353,3.876965525890852,10.39010244758706,-26.55198880310623,7.703002416498395,8.207946941048617,-15.24249422632794,13.131935881627621
2019-06-01,2019,6,1185445,964123,113074,77259,28077,2912,False,observed,0,0,13.985628789484753,-10.644939050312507,0.19803871517418692,13.778974158814338,-10.806322691899217,-0.40010495911140254,11.63579775061912,-21.076289523277726,2.2701783582359525,11.254918692828197,16.599758527014785,7.399633007117434,10.242706014825366,-13.704819277108438,-6.043569922698522,7.976595409316577,-20.65395095367848,6.940874035989708
2019-07-01,2019,7,1315792,1033367,150355,88231,40121,3718,False,observed,0,0,14.089949323664191,10.995617679436842,10.680786025098898,13.848332960901688,7.182071167268078,12.155120673169284,11.92075444360033,32.97044413393,5.393943642226273,11.387713654165296,14.201581692747766,13.36374148785815,10.59965516698957,42.89632083199773,-7.653178658564652,8.220941168281389,27.67857142857142,5.98631698973775
2019-08-01,2019,8,1512447,1227467,180433,68953,31685,3909,False,observed,0,0,14.229239426950858,14.945751304157495,14.272341119991294,14.020463254379047,18.783258997045582,17.317705844346996,12.103114796710857,20.00465564829903,3.785403676690513,11.141180392064626,-21.849463340549235,5.144939691059647,10.363598661757617,-21.026395154657163,-7.299590403744882,8.271036865792954,5.137170521785905,6.832467887400928
2019-09-01,2019,9,1561274,1327814,134278,61768,33204,4210,False,observed,0,0,14.26101271260161,3.228344530419913,28.75456561413232,14.0990445389682,8.175128129717546,33.52231532775372,11.807667556732232,-25.580132237451025,5.564465408805042,11.031140709988652,-10.420141255637894,13.33577981651377,10.410425629574926,4.794066593025081,-0.2673234613882802,8.345217926676428,7.700179073931945,33.52362829051696
2019-10-01,2019,10,1618337,1355413,149554,69750,39208,4412,False,observed,0,0,14.296909636742344,3.654899780563814,34.284329759525114,14.119616762902725,2.0785290710897852,41.16356236174352,11.91541281060779,11.376398218621064,7.289462168114613,11.152672699683611,12.922548892630491,10.234851597812678,10.576636086589383,18.08215877605108,1.512013256006628,8.392083380373393,4.798099762470298,19.43692474282621
2019-11-01,2019,11,1809580,1467203,222846,84292,31193,4046,False,observed,0,0,14.408605332116693,11.817254379032294,38.99435367602497,14.198868425193261,8.24767063618248,47.554128379472395,12.314236228920365,49.007047621594864,13.362634679363916,11.342042240317104,20.84874551971325,10.153942657013658,10.347948989650975,-20.442256682309733,0.3506627203706092,8.305484017727691,-8.295557570262924,19.845971563981045
2019-12-01,2019,12,1710168,1407537,182902,81959,32721,5049,False,observed,0,0,14.352102169267093,-5.493650460327815,24.44509126896055,14.157351926394693,-4.066649263939615,28.94138016324512,12.116705769256296,-17.92448596788814,7.121228981568795,11.313974401204709,-2.7677596924975068,12.068423283606577,10.395772352596852,4.898534927708131,-4.1592220497349235,8.526945482858915,24.789915966386555,9.5703125
2020-01-01,2020,1,1476450,1147510,212900,81718,29859,4464,True,stale_repeated_vector,0,0,14.205151115725467,-13.66637663668131,-0.32055133749843145,13.953104935475816,-18.473901574168206,-0.6880376646530406,12.26857785088157,16.401132847098452,6.522435255974068,11.311029574819049,-0.29404946375626295,-7.369160838368149,10.304241580914173,-8.74667644631888,-11.165655123170293,8.403800504061147,-11.586452762923349,10.440376051459666
2020-02-01,2020,2,1242731,887482,242897,81476,26997,3879,False,observed,0,0,14.032821935165735,-15.829794439364697,-21.75031372763845,13.69614351843589,-22.660194682399283,-27.214408148871083,12.400392764152363,14.089713480507271,6.075043889146059,11.30806377733403,-0.2961403852272504,-21.130632592807707,10.203481027702058,-9.585049733748619,-18.398621690243022,8.263332667439967,-13.104838709677423,11.59378596087457
2020-03-01,2020,3,449923,243028,162165,27210,15455,2065,False,observed,1,0,13.016831735994215,-63.79562431451375,-68.09479877491424,12.400931942022089,-72.61600798664085,-77.2323327331356,11.99636961439498,-33.23713343515976,-27.521430933843448,10.211339831777291,-66.60366242819971,-67.92975425776416,9.645687854566217,-42.75289847020039,-49.91087344028521,7.632885505395133,-46.76463005929363,-37.782464597770414
2020-04-01,2020,4,431358,233130,155260,26167,14822,1979,True,segment_reconciliation,1,0,12.974693650756759,-4.1262616047634815,-70.63126461260678,12.359351516871397,-4.0727817370837975,-79.40675046596058,11.952856409959672,-4.258008818179015,-24.705996459833656,10.172254353874754,-3.833149577361261,-68.0356204878883,9.603867842511304,-4.095761889356197,-66.5402501241591,7.590346945602565,-4.164648910411617,-54.29561200923787
2020-05-01,2020,5,413392,223550,148577,25158,14210,1896,True,stale_repeated_vector,1,0,12.932151574325093,-4.164985928161757,-68.83983031172833,12.317390381662127,-4.109295242997469,-79.31877305880481,11.908858621359135,-4.304392631714549,3.7041948768060218,10.132931216398818,-3.8560018343715363,-62.03139148807727,9.561701221091147,-4.12899743624342,-56.325301204819276,7.547501682814967,-4.1940373926225405,-48.33787465940055
2020-06-01,2020,6,394827,213652,141672,24116,13577,1810,True,stale_repeated_vector,1,0,12.88620297326079,-4.490894840732285,-66.69377322440097,12.272103802132966,-4.4276448221874265,-77.83975696047081,11.861269805588636,-4.647421875525826,25.291402090666292,10.090630799609297,-4.141823674377932,-68.78551366183875,9.51613246360028,-4.454609429978884,-51.643694126865405,7.501082124259871,-4.535864978902948,-37.84340659340659
2020-07-01,2020,7,376861,204073,134989,23107,12965,1727,True,stale_repeated_vector,1,0,12.839631698178241,-4.5503473673279675,-71.35861899145154,12.226233051953024,-4.483459082994779,-80.25164341419844,11.81294857261929,-4.717234174713425,-10.219813108975428,10.047890880908506,-4.183944269364737,-73.81079212521676,9.470008697972764,-4.507623186270903,-67.68525211236012,7.454141078146678,-4.585635359116025,-53.55029585798816
2020-08-01,2020,8,358296,194174,128084,22064,12332,1641,True,stale_repeated_vector,1,0,12.789114739401535,-4.9262194814533755,-76.31017814177952,12.176509943281024,-4.850715185252341,-84.1809189167611,11.760441577663885,-5.115231611464632,-29.01298542949461,10.001702600033083,-4.513783701908514,-68.00139225269386,9.419952789006041,-4.88237562668723,-61.07937509862711,7.403061091090091,-4.979733642154027,-58.0199539524175
2020-09-01,2020,9,339731,184276,121179,21022,11700,1555,True,stale_repeated_vector,1,0,12.735909406976472,-5.181470069439797,-78.24014234528981,12.124189912714858,-5.097489880210537,-86.12185140388638,11.705024070278101,-5.390993410574307,-9.755134869449943,9.9533247873833,-4.722625090645394,-65.96619608858956,9.367344120785848,-5.124878365228669,-64.7632815323455,7.349230824613334,-5.240706886045099,-63.064133016627075
2020-10-01,2020,10,321765,174697,114496,20013,11087,1472,True,stale_repeated_vector,1,0,12.681576744418313,-5.288301626875381,-80.11755277176509,12.070808323679339,-5.1981809893854924,-87.1111609524182,11.64829516686839,-5.514981968822985,-23.441699987964213,9.904137341377625,-4.799733612406055,-71.30752688172043,9.313528529772352,-5.2393162393162385,-71.7226076310957,7.294377299288821,-5.337620578778135,-66.63644605621033
2020-11-01,2020,11,303200,164798,107591,18970,10454,1387,True,stale_repeated_vector,1,0,12.622147932750353,-5.769738784516654,-83.2447308215166,12.012475760461538,-5.666382364894651,-88.7678801092964,11.586092280088863,-6.030778367803247,-51.71957315814508,9.85061406292906,-5.211612451906255,-77.49489868552175,9.254739959272866,-5.70938937494363,-66.4860705927612,7.234898420314831,-5.774456521739135,-65.7192288680178
2020-12-01,2020,12,285234,155219,100908,17961,9842,1303,True,segment_reconciliation,1,0,12.561065175003039,-5.925461741424797,-83.32128773313498,11.952592301918623,-5.812570540904627,-88.97229699823166,11.521964489620899,-6.211486090844032,-44.82947152026768,9.795958019593462,-5.318924617817611,-78.08538415549238,9.194414221425923,-5.854218480964224,-69.92145716817946,7.172424577124845,-6.056236481614996,-74.19290948702714
2021-01-01,2021,1,266669,145321,94003,16918,9209,1218,True,segment_reconciliation,1,0,12.493763467943674,-6.508691109755505,-81.93850113447797,11.886700367676724,-6.376796655048677,-87.33597092835792,11.45108197563649,-6.842866769730849,-55.84640676373884,9.73613342286396,-5.807026334836596,-79.29709488729533,9.127936545721367,-6.431619589514326,-69.15837770856359,7.1049654482698426,-6.52340752110514,-72.71505376344086
2021-02-01,2021,2,248104,135422,87098,15876,8577,1132,True,segment_reconciliation,1,0,12.421603292081164,-6.961814084126761,-80.03558292180689,11.816151107797806,-6.811816599115062,-84.74087361771845,11.374789200464447,-7.345510249672882,-64.14200257722409,9.672563813902956,-6.15912046341175,-80.51450733958467,9.056839480990421,-6.862851558258221,-68.22980331147906,7.0317412587631285,-7.060755336617408,-70.81722093323022
2021-03-01,2021,3,231336,126482,80860,14934,8005,1054,True,segment_reconciliation,1,0,12.351626478131914,-6.758456131299773,-48.583202014566936,11.747855284535056,-6.601586152914596,-47.95579110225982,11.300474543194762,-7.162047348963241,-50.13720593222952,9.611395771595648,-5.933484504913078,-45.115766262403525,8.987821625430815,-6.668998484318522,-48.20446457457134,6.960347729101308,-6.890459363957602,-48.95883777239709
2021-04-01,2021,4,212771,116583,73955,13892,7373,968,True,stale_repeated_vector,1,0,12.26797174896742,-8.025123629698793,-50.674150009968514,11.666358744670399,-7.826410082067015,-49.99227898597349,11.21121207910547,-8.539450902794954,-52.36699729486023,9.539068413863964,-6.977367081826702,-46.910230442924295,8.90557995798965,-7.895065584009997,-50.25637565780596,6.875232087276577,-8.15939278937381,-51.08640727640223
2021-05-01,2021,5,194805,107004,67273,12883,6760,885,True,segment_reconciliation,1,0,12.1797543372123,-8.443819881468805,-52.876446568874094,11.58062149592288,-8.216463806901519,-52.1341981659584,11.116514246427819,-9.035224122777363,-54.72179408656791,9.463663891791525,-7.26317304923697,-48.791636855075915,8.81877816903701,-8.314119083141192,-52.42786769880365,6.785587645007929,-8.574380165289252,-53.32278481012658
2021-06-01,2021,6,176240,97106,60367,11840,6128,799,True,segment_reconciliation,1,0,12.079601981476225,-9.530042863376199,-55.36272848614709,11.483558444337415,-9.25012149078539,-54.549454252710014,11.008197876999304,-10.265634058240302,-57.38960415607883,9.379238908437996,-8.095940386555922,-50.903964173163054,8.720623711420426,-9.3491124260355,-54.864844958385504,6.683360945766275,-9.71751412429378,-55.856353591160214
2021-07-01,2021,7,158274,87527,53685,10831,5515,716,True,segment_reconciliation,1,0,11.972082987275167,-10.194053563322747,-58.00202196565842,11.379702596175905,-9.864477993120923,-57.10995575112827,10.890888911868236,-11.068961518710552,-60.230092822378126,9.290167671835738,-8.52195945945946,-53.126758125243434,8.615226931687603,-10.003263707571797,-57.46239876590822,6.573680166960646,-10.387984981226527,-58.54082223508975
2021-08-01,2021,8,139709,77628,46779,9788,4882,631,True,segment_reconciliation,1,0,11.847316966935143,-11.729658693152379,-61.00737937347891,11.259683465831985,-11.309653021353416,-60.02142408355393,10.753189663252995,-12.863928471640119,-63.47787389525623,9.188912424562563,-9.629766411227036,-55.63814358230602,8.493310250952906,-11.477787851314591,-60.41193642555952,6.447305862541213,-11.871508379888274,-61.54783668494821
2021-09-01,2021,9,121144,67730,39874,8746,4250,545,True,segment_reconciliation,1,0,11.704735199636492,-13.28833503926018,-64.34119936067064,11.123284492208949,-12.750553923841911,-63.24534936725347,10.593479761402772,-14.760896983689264,-67.09495869746408,9.076351731972865,-10.64568859828361,-58.3959661307202,8.354674261918463,-12.945514133551828,-63.67521367521367,6.300785794663244,-13.629160063391444,-64.95176848874597
2021-10-01,2021,10,103178,58150,33192,7737,3637,462,True,segment_reconciliation,1,0,11.544210931009303,-14.830284619956412,-67.93374046276008,10.97078115794681,-14.144396869924702,-66.71379588659221,10.410064162012704,-16.757787029141802,-71.0103409726104,8.953769294549454,-11.536702492568029,-61.34012891620446,8.19891444498699,-14.4235294117647,-67.19581491837288,6.135564891081739,-15.229357798165132,-68.61413043478262
2021-11-01,2021,11,84613,48252,26286,6694,3005,376,True,segment_reconciliation,1,0,11.345843198091766,-17.993176840024038,-72.09333773087072,10.784192556685275,-17.021496130696477,-70.72051845289384,10.176791757041954,-20.8062183658713,-75.56858845070684,8.808966881771273,-13.480677265089824,-64.71270426989983,8.008032846969307,-17.37695903216937,-71.25502200114788,5.929589143389895,-18.61471861471862,-72.89113193943764
2021-12-01,2021,12,66647,38673,19604,5685,2392,293,True,segment_reconciliation,1,0,11.107165313341005,-21.233143843144674,-76.63427221158767,10.562896961111214,-19.8520268589903,-75.08488007267151,9.883488906029438,-25.420375865479727,-80.57240258453244,8.645586406184636,-15.073199880489996,-68.34808752296642,7.779885115070522,-20.399334442595674,-75.69599674862832,5.680172609017068,-22.074468085106382,-77.5134305448964
2022-01-01,2022,1,48082,28774,12698,4643,1760,207,True,segment_reconciliation,1,0,10.780663165681714,-27.85571743664381,-81.96940776768203,10.26722748059698,-25.59666951102837,-80.19969584574838,9.449199779730396,-35.22750459089982,-86.49192047062328,8.443115988019922,-18.328935795954273,-72.55585766639084,7.473069088032197,-26.42140468227425,-80.88826148333152,5.332718793265369,-29.35153583617748,-83.00492610837439
2022-02-01,2022,2,29517,18876,5793,3600,1127,121,False,observed,1,0,10.292721647533876,-38.61112266544653,-88.10297294682876,9.845646552846278,-34.39911030791687,-86.06134896840986,8.664405571096625,-54.37864230587495,-93.34887138625456,8.1886891244442,-22.46392418694809,-77.32426303854876,7.027314514039777,-35.965909090909086,-86.86020753177101,4.795790545596741,-41.545893719806756,-89.31095406360424
2022-03-01,2022,3,41740,25772,6505,7468,1747,248,False,observed,0,1,10.639215180631192,41.410034895145166,-81.95698032299339,10.157043910258533,36.53316380589109,-79.62397811546307,8.780326390946605,12.290695667184526,-91.95523126391294,8.918382504661613,107.44444444444446,-49.99330387036293,7.465655310134056,55.013309671694756,-78.17613991255466,5.5134287461649825,104.95867768595039,-76.47058823529412
2022-04-01,2022,4,123722,86482,17434,15077,4316,412,True,segment_reconciliation,0,1,11.725792392203424,196.41111643507426,-41.852038106696874,11.367691578780176,235.56573024988361,-25.81937332201093,9.76617760157152,168.00922367409683,-76.426205124738,9.62092568277892,101.8880557043385,8.530089260005758,8.370084326378025,147.0520892959359,-41.462091414620915,6.021023349349527,66.12903225806453,-57.438016528925615
2022-05-01,2022,5,203060,145234,28011,22441,6803,571,True,segment_reconciliation,0,1,12.221256780855214,64.12602447422447,4.237570904237575,11.886101513741325,67.93552415531556,35.72763635004299,10.240352569152035,60.668808076172986,-58.362195828935825,10.018644921923576,48.84260794587782,74.19079406970425,8.825118970345061,57.622798887859126,0.636094674556209,6.3473892096560105,38.592233009708735,-35.48022598870057
2022-06-01,2022,6,285043,205944,38941,30050,9372,736,True,stale_repeated_vector,0,1,12.56039532506295,40.373781148429046,61.73570131638675,12.235359566155067,41.80150653428261,112.08164274092228,10.569802959130607,39.020384848809385,-35.49290175095665,10.310617939963354,33.9066886502384,153.80067567567565,9.145481799627687,37.76275172717918,52.9373368146214,6.601230118728877,28.896672504378284,-7.88485607008761
2022-07-01,2022,7,364381,264696,49517,37414,11859,895,True,segment_reconciliation,0,1,12.805955302503637,27.833695267029878,130.22164095176717,12.486337276654092,28.528143573010144,202.41639722599882,10.810071323940141,27.159035463906946,-7.763807394989286,10.52980024490885,24.50582362728786,245.43440125565508,9.380842351964795,26.536491677336738,115.03173164097915,6.796823718274855,21.60326086956521,25.0
2022-08-01,2022,8,446363,325406,60447,45023,14428,1059,True,segment_reconciliation,0,1,13.008887801309402,22.49897771837719,219.4948070632529,12.69282891244158,22.935745156708066,319.1863760498789,11.009522227019875,22.07322737645656,29.21823895337652,10.714928749290774,20.3373068904688,359.98161013485907,9.57692604202343,21.662872080276575,195.53461696026218,6.9650803456014065,18.324022346368718,67.82884310618067
2022-09-01,2022,9,528346,386116,71376,52633,16997,1224,True,segment_reconciliation,0,1,13.177506651101424,18.36688972876337,336.13055537211915,12.863893121435153,18.656693484447118,470.0812047837,11.175716957368046,18.080301751947992,79.00386216582234,10.87109857843334,16.902472069830978,501.79510633432426,9.740792136877351,17.805655669531472,299.9294117647059,7.1098794630722715,15.580736543909346,124.58715596330276
2022-10-01,2022,10,607684,444868,81953,59996,19484,1383,True,segment_reconciliation,0,1,13.31741028899619,15.016296139272377,488.96664017523113,13.005532887931746,15.216152658786486,665.0352536543422,11.313901191189546,14.818706568034079,146.9058809351651,11.002033172315251,13.989322288298212,675.4426780405842,9.877348894926433,14.631993881273164,435.71624965631014,7.232010331664759,12.99019607843137,199.35064935064935
2022-11-01,2022,11,689666,505578,92882,67606,22053,1547,True,segment_reconciliation,0,1,13.443962701408548,13.49089329322477,715.0827886967724,13.133457608209854,13.646744652346321,947.7866202437206,11.439085149301006,13.335692409063737,253.35159400441302,11.121452015488801,12.684178945263014,909.9492082461906,10.001203926042198,13.185177581605423,633.8768718801997,7.344072850573066,11.858279103398406,311.436170212766
2022-12-01,2022,12,769004,564330,103459,74969,24539,1706,True,segment_reconciliation,0,1,13.552851450034721,11.503829389878572,1053.8463846834816,13.243394465755175,11.620758814663624,1359.2351252812039,11.546930677939558,11.387567020520661,427.7443378902265,11.224829973739347,10.89104517350532,1218.7159190853122,10.108018967638357,11.272842697138707,925.8779264214047,7.441906728051625,10.277957336780874,482.25255972696243
2023-01-01,2023,1,850987,625040,114389,82579,27109,1871,True,stale_repeated_vector,0,1,13.654152131293118,10.660932843002113,1669.8660621438376,13.345570926670625,10.757889887122785,2072.238826718565,11.647360199458603,10.564571472757333,800.8426523862025,11.321510689897156,10.15086235644067,1678.569890157226,10.207621055054725,10.473124414197809,1440.2840909090908,7.534228326274089,9.671746776084401,803.864734299517
2023-02-01,2023,2,932969,685750,125318,90188,29678,2035,False,observed,0,1,13.746127253125282,9.633754687204377,3060.7853101602464,13.43826840879985,9.712978369384363,3532.9201101928375,11.73860978579419,9.554240355278921,2063.266010702572,11.409651659506403,9.214207001780107,2405.222222222222,10.298161309566071,9.476557600796776,2533.3629103815438,7.618251097876695,8.765366114377349,1581.8181818181818
2023-03-01,2023,3,927711,698678,117000,80203,29755,2075,True,segment_reconciliation,0,1,13.740475540852515,-0.5635771392189848,2122.5946334451364,13.456945256997441,1.885235144002917,2610.996430234363,11.669929213779893,-6.637514163966873,1698.6164488854727,11.292316199638792,-11.071317691932403,973.9555436529191,10.300752464078952,0.25945144551520194,1603.2054951345162,7.637716432664798,1.9656019656019597,736.6935483870968
2023-04-01,2023,4,921890,712991,107792,69148,29841,2119,True,stale_repeated_vector,0,1,13.734181189564389,-0.6274583356239205,645.130211280128,13.477224076595869,2.0485831813796818,724.4386115029718,11.58795872320044,-7.870085470085475,518.2861076058277,11.144004414042678,-13.783773674301457,358.6323539165616,10.303638565820524,0.2890270542766027,591.404077849861,7.6586995582682995,2.1204819277108378,414.32038834951453
2023-05-01,2023,5,916257,726842,98880,58450,29924,2161,False,observed,0,1,13.728052171990104,-0.6110273459957294,351.2247611543386,13.496464401396432,1.9426612678140387,400.46270157125747,11.501662272691517,-8.267774974024045,253.0041769304916,10.975926966900214,-15.471163301903168,160.4607637805802,10.306416112992295,0.2781408129754359,339.86476554461274,7.6783263565068856,1.9820670127418616,278.45884413309983
2023-06-01,2023,6,975010,791323,74185,77394,30204,1904,False,observed,0,1,13.790203006337643,6.412283889782011,242.05716330518553,13.581461507268644,8.871391581664234,284.2418327312279,11.214317252384895,-24.97471682847896,90.50615032998638,11.256664537193192,32.41060735671515,157.55074875207987,10.315729644923316,0.9357037829167192,222.27912932138284,7.55171221535131,-11.89264229523369,158.69565217391303
2023-07-01,2023,7,1038563,818885,94266,82669,40417,2326,False,observed,0,1,13.853348584878129,6.518189557030185,185.02117289320793,13.615698937835663,3.483027790169113,209.36810529815335,11.453875852175653,27.068814450360577,90.3709837025668,11.322599961887121,6.815773832596839,120.9573956273053,10.60700576752029,33.81340219838431,240.8128847288979,7.75190533307861,22.163865546218496,159.88826815642457
2023-08-01,2023,8,1217421,981815,129827,69331,33645,2803,False,observed,0,1,14.01224524476997,17.221680341009638,172.74236439848286,13.797158178550086,19.896566672976057,201.72000516278126,11.773958073947218,37.724099887552256,114.77823547901468,11.146647415602889,-16.134222017926913,53.99018279546011,10.423619735622419,-16.755325729272343,133.19240365955088,7.938445551164788,20.507308684436797,164.6836638338055
2023-09-01,2023,9,1054449,862863,96519,57426,34759,2882,False,observed,0,1,13.868528913577755,-13.386659175420823,99.57546759131326,13.668011208912116,-12.115520744743158,123.47247977291799,11.477495159138261,-25.655680251411496,35.22612642905179,10.958252441423962,-17.171250955561,9.106454125738605,10.456193810265846,3.3110417595482167,104.50079425781018,7.966239776559467,2.818408847663223,135.4575163398693
2023-10-01,2023,10,1112526,898976,105258,65080,40384,2828,False,observed,0,1,13.922143663535957,5.507805498416718,83.076401550806,13.70901161676815,4.185253047123361,102.07702059936881,11.56416975815724,9.054175861747439,28.43703098117214,11.083372561332974,13.328457493121594,8.473898259883983,10.606188945900884,16.182859115624737,107.2675015397249,7.947325027016463,-1.8736988202637028,104.48300795372379
2023-11-01,2023,11,1233371,947390,166807,79491,36582,3101,False,observed,0,1,14.02526162902053,10.86221805153318,78.83598727499978,13.761466114212366,5.385460790944374,87.38750499428376,12.024592734453076,58.474415246347064,79.59023276845892,11.283399086686796,22.143515673017824,17.579800609413375,10.50731159513587,-9.414619651347067,65.88219289892533,8.03947991910045,9.653465346534663,100.4524886877828
2023-12-01,2023,12,1371135,1079631,171286,76385,40024,3809,False,observed,0,1,14.131149421968104,11.169712924983632,78.30011287327505,13.892129874052381,13.958454279652521,91.31199829886769,12.051089953009662,2.6851391128669633,65.55930368551795,11.243541620799823,-3.9073605817010693,1.8887806960210307,10.597234553168041,9.408998961237769,63.10363095480665,8.245121966478605,22.83134472750725,123.27080890973035
2024-01-01,2024,1,1451273,1127138,190584,90580,39040,3931,True,stale_repeated_vector,0,1,14.1879516602752,5.844646953071719,70.53997299606223,13.93519223450524,4.400299732038082,80.33053884551389,12.157848321243156,11.266536669663596,66.61042582765826,11.413988717110206,18.58349152320482,9.688903958633555,10.57234204052703,-2.458524885068958,44.01121398797447,8.27664912542186,3.2029404043055987,110.1015499732763
2024-02-01,2024,2,1531411,1174645,209883,104774,38056,4053,False,observed,0,1,14.241700090605194,5.521910763860416,64.14382471443317,13.976476532251066,4.214834385851596,71.29347429821364,12.25430551158071,10.12624354615288,67.48033004037728,11.559560928486214,15.670125855597261,16.17288331041824,10.546814038112117,-2.5204918032786905,28.229665071770338,8.307212626628308,3.103535995929785,99.16461916461915
2024-03-01,2024,3,1599074,1221658,235073,100265,38182,3896,False,observed,0,1,14.284935269669583,4.4183436059947345,72.36768778207869,14.015719510475918,4.002315593221772,74.85279341842737,12.367651383186082,12.001924881958036,100.91709401709403,11.515571959911133,-4.303548590299123,25.014026906724183,10.550119479354604,0.33109102375445953,28.321290539405155,8.267705664762426,-3.873673821860346,87.75903614457832
2024-04-01,2024,4,1556533,1214249,193831,91560,52809,4084,False,observed,0,1,14.25797147005248,-2.6603521788234996,68.8415103754244,14.009636336654019,-0.6064708781017281,70.3035522187517,12.174741924367101,-17.544337290969192,79.81946712186434,11.424749774066504,-8.681992719293874,32.41163880372535,10.874436909714081,38.30862710177571,76.96793002915452,8.314832179284556,4.825462012320325,92.73242095327984
2024-05-01,2024,5,1383703,1156067,120280,66273,36666,4417,False,observed,0,1,14.140273796755148,-11.103523021998251,51.01690901133633,13.960534285012441,-4.791603699076552,59.05341188318782,11.697577637102466,-37.945942599480986,21.642394822006473,11.101537853410294,-27.617955439056352,13.384088964927287,10.50960517412297,-30.56865307049935,22.530410372944786,8.393216011596527,8.153770812928496,104.39611291068948
2024-06-01,2024,6,1249237,1051710,83663,76752,33445,3667,False,observed,0,1,14.03804352290856,-9.7178368479363,28.125557686587822,13.865927968877862,-9.026898960008378,32.905273826237824,11.334552103784286,-30.443132690389096,12.776167688885899,11.248334723741845,15.811869086958485,-0.829521668346378,10.417657577552509,-8.784705176457752,10.730366838829287,8.207129168071326,-16.979850577314913,92.59453781512606
2024-07-01,2024,7,1346404,1120251,115846,70505,35464,4337,True,segment_reconciliation,0,1,14.112947892739644,7.77810775697485,29.64105210757557,13.92906332530588,6.517100721681834,36.801992953833576,11.660017001858309,38.467422875106074,22.89266543610633,11.163438908271331,-8.13920158432354,-14.714100811670638,10.47627337642489,6.0367767977276054,-12.254744290768738,8.374938143835367,18.27106626670303,86.45743766122098
2024-08-01,2024,8,1446809,1191077,149102,64050,37550,5030,False,observed,0,1,14.18487099966556,7.457271368771923,18.842126100995472,13.990368497800931,6.322333119988288,21.313791294694017,11.912385914479096,28.70707663622396,14.846680582621484,11.06741930732488,-9.15537905113113,-7.617083267225344,10.53342865719228,5.882021204601839,11.60647941744688,8.523175263093785,15.978787180078392,79.4505886550125
2024-09-01,2024,9,1274804,1060201,102889,62332,44719,4663,False,observed,0,1,14.058302999267493,-11.888576861216649,20.897644172454054,13.873969070753658,-10.988038556701207,22.870142768898425,11.541406016205121,-30.99421872275355,6.599736839378778,11.040230216565504,-2.6822794691647167,8.543168599589034,10.708153746219391,19.091877496671096,28.654449207399523,8.44741429680832,-7.296222664015906,61.7973629424011
2024-10-01,2024,10,1419833,1132872,161718,76190,45030,4023,False,observed,0,1,14.166049817027556,11.376572398580498,27.622455565083428,13.940266559223819,6.854454957126044,26.018047200370198,11.993609356624066,57.17715207650964,53.63962834178875,11.240985499467055,22.23256112430212,17.071296865396434,10.715084213295617,0.6954538339408289,11.50455625990492,8.299783171949787,-13.725069697619563,42.256011315417254
2024-11-01,2024,11,1586220,1259737,187826,84314,50388,3956,True,segment_reconciliation,0,1,14.27686438530234,11.718772559871482,28.60850465918203,14.046413526981759,11.198529048294947,32.9692101457689,12.143271281328074,16.14415216611633,12.600790134706585,11.342303203748118,10.662816642604023,6.067353536878395,10.827508330472194,11.898734177215186,37.739872068230284,8.282988692742602,-1.6654238130748178,27.57175104804901
2024-12-01,2024,12,1747240,1382509,213091,92175,55574,3891,False,observed,0,1,14.373547958043558,10.151177012015978,27.43019469271808,14.139410522303187,9.7458437753277,28.05384432273619,12.26947458350174,13.451279375592296,24.40654811251357,11.431444223102345,9.323481272386559,20.67159782679846,10.925470744968305,10.292133047551012,38.851688986608046,8.266421472984554,-1.6430738119312394,2.1527960094513077
2025-01-01,2025,1,1853008,1462369,238041,96549,52408,3641,True,stale_repeated_vector,0,1,14.432320822581437,6.0534328426546935,27.681559568737235,14.195568281426707,5.776454258163954,29.74178849439908,12.380198206724591,11.708612752298308,24.90083112958066,11.477805930475213,4.745321399511804,6.589754912784285,10.866814530411713,-5.696908626336061,34.24180327868853,8.200013648175434,-6.42508352608584,-7.377257695242944
2025-02-01,2025,2,1958776,1542229,262991,100923,49242,3392,True,segment_reconciliation,0,1,14.48783034633581,5.707908438603604,27.906616838980526,14.248739330509736,5.461001976929225,31.293199221892575,12.479875090042047,10.481387660108975,25.303621541525523,11.522113128829222,4.5303421060808535,-3.6755301887872904,10.804502196857767,-6.041062433216304,29.39352533109103,8.129174996911793,-6.838780554792634,-16.308906982482107
2025-03-01,2025,3,2054309,1614360,285526,104874,46383,3166,False,observed,0,1,14.535450096325379,4.877178401205651,28.468663739139032,14.294449151267589,4.677061577755315,32.1450029386293,12.562088372232962,8.568734291287527,21.462694567219543,11.56051490856314,3.9148657887696503,4.596818431157423,10.744688291770704,-5.806019251858174,21.478707244251225,8.060224240440958,-6.662735849056601,-18.737166324435318
2025-04-01,2025,4,2007756,1579849,275758,101621,47074,3453,True,segment_reconciliation,0,1,14.512528238466116,-2.266114786042406,28.98897742611304,14.27283983081583,-2.137751183131398,30.109145652992098,12.527278948480953,-3.4210544748989546,42.267232795579645,11.529005485681868,-3.101817418998032,10.988422892092608,10.759476110601902,1.48976995882113,-10.8598913064061,8.146998697389993,9.065066329753634,-15.45053868756121
2025-05-01,2025,5,1962704,1546452,266305,98472,47744,3731,True,segment_reconciliation,0,1,14.489833672280959,-2.243898162924185,41.84431196579035,14.251473832798226,-2.1139362052955746,33.76837155631984,12.492397547442508,-3.428005715156046,121.40422347855005,11.497527522790131,-3.0987689552356312,48.58539676791453,10.773608683563433,1.4232909886561673,30.213276605029193,8.224431573221159,8.050970170865913,-15.530903328050716
2025-06-01,2025,6,1916151,1511942,256537,95219,48435,4018,True,stale_repeated_vector,0,1,14.465829044428473,-2.3718808337884867,53.3857066353302,14.2289054751975,-2.2315597250997743,43.76035218834089,12.455028182702671,-3.667974690674225,206.6313663148584,11.463934780697985,-3.303477130554877,24.06061079841568,10.787977971860485,1.4473022788203727,44.8198534908058,8.29853954537488,7.692307692307687,9.57185710389965
2025-07-01,2025,7,1871100,1478544,247085,92071,49104,4296,True,segment_reconciliation,0,1,14.442037051182323,-2.3511195098924853,38.97017537083967,14.206568377723634,-2.2089471686083217,31.983278747352163,12.417487685965776,-3.6844587720289868,113.28746784524282,11.430315297524093,-3.306062865604553,30.58790156726474,10.801695776859518,1.38123257974605,38.46153846153846,8.3654396361887,6.918865107018424,-0.9453539312889059
2025-08-01,2025,8,1824547,1444034,237317,88818,49795,4583,True,segment_reconciliation,0,1,14.416842295009168,-2.4880017102239305,26.10835293393945,14.182951143864084,-2.3340529602094984,21.237669772819046,12.377152079133063,-3.9532954246514374,59.16419632198093,11.394344611141547,-3.5331429005875936,38.669789227166284,10.81566985636574,1.40721733463669,32.609853528628484,8.430109084509125,6.680633147113602,-8.886679920477135
2025-09-01,2025,9,1777993,1409523,227549,85564,50487,4870,True,segment_reconciliation,0,1,14.390995758040363,-2.551537450117758,39.47187175440303,14.158761907246376,-2.389902176818548,32.94865784884187,12.335120878796591,-4.116013602059687,121.15969637181819,11.357019912921697,-3.6636717782431494,37.27138548418147,10.829471156381183,1.389697760819364,12.898320624343128,8.490849216076635,6.262273619899639,4.439202230323835
2025-10-01,2025,10,1732942,1376126,218096,82416,51156,5148,False,observed,0,1,14.365331100163068,-2.5338120003847053,22.052523078418385,14.134782863050612,-2.369383117551116,21.47232873616789,12.292690611810624,-4.154270069303756,34.86192013257645,11.319534871805367,-3.679117385816466,8.171676072975465,10.84263506655321,1.3250935884485004,13.604263824117258,8.546363568716018,5.708418891170441,27.96420581655481
2025-11-01,2025,11,1879647,1456346,266758,97038,54412,5092,True,segment_reconciliation,0,1,14.446594551218451,8.465661285836457,18.498505881907935,14.19144111687012,5.829408062924468,15.607146571069986,12.49409715934222,22.31219279583303,42.024000937037464,11.482857933347834,17.741700640652304,15.0912066797922,10.90433999675332,6.364844788490109,7.986028419464941,8.535425959677298,-1.087801087801088,28.71587462082912
2025-12-01,2025,12,2021619,1533979,313851,111189,57563,5037,False,observed,0,1,14.519409233508197,7.553120346533149,15.703566768160071,14.243375571115504,5.3306700468158,10.956167373955616,12.656673629976064,17.653828563716935,47.28496276238789,11.618986735042318,14.58294688678663,20.62815296989422,10.960635279170578,5.791001984856292,3.579011768092988,8.52456594574565,-1.0801256873527065,29.452582883577485
