date,target,model,actual,forecast,lower,upper
2023-01-01,international_arrivals,Holt-Winters,850987,857771.551344606,621916.7470655395,1183071.5891922978
2023-02-01,international_arrivals,Holt-Winters,932969,952808.2443381228,690821.9361753251,1314149.8596655629
2023-03-01,international_arrivals,Holt-Winters,927711,903090.0568130098,654774.3738527661,1245576.6188826386
2023-04-01,international_arrivals,Holt-Winters,921890,1097507.9309806633,795734.6699644855,1513725.2454002234
2023-05-01,international_arrivals,Holt-Winters,916257,1148517.7240759,832718.6950706419,1584079.9183745747
2023-06-01,international_arrivals,Holt-Winters,975010,1197072.9570525198,867923.0714555813,1651049.1674143742
2023-07-01,international_arrivals,Holt-Winters,1038563,1435749.1534045038,1040972.3214622047,1980240.5779687136
2023-08-01,international_arrivals,Holt-Winters,1217421,1744363.5485337728,1264729.4050534347,2405893.4482706822
2023-09-01,international_arrivals,Holt-Winters,1054449,1800177.2687776254,1305196.4586427854,2482873.882751309
2023-10-01,international_arrivals,Holt-Winters,1112526,2043716.4974230593,1481771.5905932388,2818772.5749060772
2023-11-01,international_arrivals,Holt-Winters,1233371,2484266.0406673886,1801186.6358068916,3426395.487355197
2023-12-01,international_arrivals,Holt-Winters,1371135,2743437.9854875957,1989096.076963536,3783855.424271802
2024-01-01,international_arrivals,Holt-Winters,1451273,3059458.6945512067,2218223.0176718174,4219723.368252332
2024-02-01,international_arrivals,Holt-Winters,1531411,3398149.980681177,2463786.9823419075,4686859.446033477
2024-03-01,international_arrivals,Holt-Winters,1599074,3174070.475702242,2301320.8844605978,4377800.35489751
2024-04-01,international_arrivals,Holt-Winters,1556533,3889177.4702953654,2819800.4437138964,5364103.487951556
2024-05-01,international_arrivals,Holt-Winters,1383703,4047951.4631330976,2934917.5806595813,5583090.699330263
2024-06-01,international_arrivals,Holt-Winters,1249237,4195119.099513184,3041619.671149008,5786069.9764780495
2024-07-01,international_arrivals,Holt-Winters,1346404,5066269.529040915,3673236.6098168357,6987594.230192629
2024-08-01,international_arrivals,Holt-Winters,1446809,6204164.307228348,4498253.268207837,8557022.572102034
2024-09-01,international_arrivals,Holt-Winters,1274804,6361151.410803402,4612074.843000791,8773545.236928232
2024-10-01,international_arrivals,Holt-Winters,1419833,7235370.196411161,5245916.455626549,9979301.48562811
2024-11-01,international_arrivals,Holt-Winters,1586220,8863580.291298341,6426430.223149129,12224991.613118973
2024-12-01,international_arrivals,Holt-Winters,1747240,9782600.53007308,7092754.580130002,13492539.753043622
2025-01-01,international_arrivals,Holt-Winters,1853008,10912331.481490834,7911852.15600976,15050708.230371188
2025-02-01,international_arrivals,Holt-Winters,1958776,12119357.026790852,8786991.229555951,16715484.39115121
2025-03-01,international_arrivals,Holt-Winters,2054309,11155834.690815033,8088401.172592947,15386557.24328963
2025-04-01,international_arrivals,Holt-Winters,2007756,13781860.675883856,9992369.118118163,19008473.51055869
2025-05-01,international_arrivals,Holt-Winters,1962704,14267007.556252945,10344118.915852971,19677606.789518833
2025-06-01,international_arrivals,Holt-Winters,1916151,14701714.006164888,10659297.497882012,20277170.682403006
2025-07-01,international_arrivals,Holt-Winters,1871100,17877138.830293313,12961600.336064765,24656839.006857652
2025-08-01,international_arrivals,Holt-Winters,1824547,22066303.084262773,15998902.519458402,30434695.83081303
2025-09-01,international_arrivals,Holt-Winters,1777993,22477923.687283617,16297342.991230395,31002418.833746385
2025-10-01,international_arrivals,Holt-Winters,1732942,25615383.515827272,18572119.774813384,35329724.37280702
2025-11-01,international_arrivals,Holt-Winters,1879647,31624252.110771067,22928776.281145085,43617387.57022154
2025-12-01,international_arrivals,Holt-Winters,2021619,34882972.983979255,25291471.898507673,48111941.01648253
2023-01-01,international_arrivals,SARIMA,850987,793144.834260556,568060.7623274463,1107414.5053369945
2023-02-01,international_arrivals,SARIMA,932969,793144.834260556,443199.1634574058,1419404.141485171
2023-03-01,international_arrivals,SARIMA,927711,793144.834260556,373780.9300594648,1683014.5080278034
2023-04-01,international_arrivals,SARIMA,921890,793144.834260556,325488.1627917026,1932723.8284754038
2023-05-01,international_arrivals,SARIMA,916257,793144.834260556,288805.28166991967,2178210.607772712
2023-06-01,international_arrivals,SARIMA,975010,793144.834260556,259538.7023216202,2423833.988869417
2023-07-01,international_arrivals,SARIMA,1038563,793144.834260556,235432.01638773372,2672018.6054821587
2023-08-01,international_arrivals,SARIMA,1217421,793144.834260556,215121.17434449,2924299.4327783515
2023-09-01,international_arrivals,SARIMA,1054449,793144.834260556,197715.24988187687,3181741.0568483826
2023-10-01,international_arrivals,SARIMA,1112526,793144.834260556,182599.15174607557,3445134.9970618095
2023-11-01,international_arrivals,SARIMA,1233371,793144.834260556,169330.07767775946,3715103.286678707
2023-12-01,international_arrivals,SARIMA,1371135,793144.834260556,157578.63926109695,3992157.3829043214
2024-01-01,international_arrivals,SARIMA,1451273,793144.834260556,147093.2625960627,4276733.801477619
2024-02-01,international_arrivals,SARIMA,1531411,793144.834260556,137677.58496907126,4569216.755621658
2024-03-01,international_arrivals,SARIMA,1599074,793144.834260556,129175.52012101906,4869953.126759992
2024-04-01,international_arrivals,SARIMA,1556533,793144.834260556,121461.05815359653,5179262.700961227
2024-05-01,international_arrivals,SARIMA,1383703,793144.834260556,114431.10131880552,5497445.36987011
2024-06-01,international_arrivals,SARIMA,1249237,793144.834260556,108000.30994295633,5824786.321876966
2024-07-01,international_arrivals,SARIMA,1346404,793144.834260556,102097.31656454921,6161559.865449364
2024-08-01,international_arrivals,SARIMA,1446809,793144.834260556,96661.89398251366,6508032.298932676
2024-09-01,international_arrivals,SARIMA,1274804,793144.834260556,91642.80252785192,6864464.101509952
2024-10-01,international_arrivals,SARIMA,1419833,793144.834260556,86996.13007592407,7231111.631806949
2024-11-01,international_arrivals,SARIMA,1586220,793144.834260556,82683.99551059598,7608228.463434477
2024-12-01,international_arrivals,SARIMA,1747240,793144.834260556,78673.52430621395,7996066.448805545
2025-01-01,international_arrivals,SARIMA,1853008,793144.834260556,74936.03060811947,8394876.576849842
2025-02-01,international_arrivals,SARIMA,1958776,793144.834260556,71446.35794267469,8804909.67249792
2025-03-01,international_arrivals,SARIMA,2054309,793144.834260556,68182.3431491893,9226416.973346343
2025-04-01,international_arrivals,SARIMA,2007756,793144.834260556,65124.377010175966,9659650.61003052
2025-05-01,international_arrivals,SARIMA,1962704,793144.834260556,62255.04147964559,10104864.010409238
2025-06-01,international_arrivals,SARIMA,1916151,793144.834260556,59558.808113583254,10562312.242959967
2025-07-01,international_arrivals,SARIMA,1871100,793144.834260556,57021.78579345667,11032252.311298056
2025-08-01,international_arrivals,SARIMA,1824547,793144.834260556,54631.50844632186,11514943.409119038
2025-09-01,international_arrivals,SARIMA,1777993,793144.834260556,52376.755442919195,12010647.142887335
2025-10-01,international_arrivals,SARIMA,1732942,793144.834260556,50247.39886659885,12519627.728080766
2025-11-01,international_arrivals,SARIMA,1879647,793144.834260556,48234.2730111761,13042152.16363774
2025-12-01,international_arrivals,SARIMA,2021619,793144.834260556,46329.06237162633,13578490.388345858
2023-01-01,international_arrivals,SARIMA-GARCH,850987,793144.834260556,639552.3495902142,983623.511847435
2023-02-01,international_arrivals,SARIMA-GARCH,932969,793144.834260556,605749.6682449935,1038512.7076285514
2023-03-01,international_arrivals,SARIMA-GARCH,927711,793144.834260556,579057.7394458388,1086383.421308273
2023-04-01,international_arrivals,SARIMA-GARCH,921890,793144.834260556,556701.38207102,1130011.0766277055
2023-05-01,international_arrivals,SARIMA-GARCH,916257,793144.834260556,537332.3750664904,1170744.1377161792
2023-06-01,international_arrivals,SARIMA-GARCH,975010,793144.834260556,520175.9224918932,1209357.6440459122
2023-07-01,international_arrivals,SARIMA-GARCH,1038563,793144.834260556,504738.82177506766,1246345.042178167
2023-08-01,international_arrivals,SARIMA-GARCH,1217421,793144.834260556,490684.5332784161,1282043.1161975581
2023-09-01,international_arrivals,SARIMA-GARCH,1054449,793144.834260556,477771.5230149983,1316693.6449966207
2023-10-01,international_arrivals,SARIMA-GARCH,1112526,793144.834260556,465819.64738745283,1350477.0175375596
2023-11-01,international_arrivals,SARIMA-GARCH,1233371,793144.834260556,454690.41719180543,1383531.968849117
2023-12-01,international_arrivals,SARIMA-GARCH,1371135,793144.834260556,444274.72476498527,1415967.8528797205
2024-01-01,international_arrivals,SARIMA-GARCH,1451273,793144.834260556,434484.8527953683,1447872.6336876135
2024-02-01,international_arrivals,SARIMA-GARCH,1531411,793144.834260556,425249.0710985445,1479318.2886657647
2024-03-01,international_arrivals,SARIMA-GARCH,1599074,793144.834260556,416507.8663349117,1510364.5788249439
2024-04-01,international_arrivals,SARIMA-GARCH,1556533,793144.834260556,408211.2399134067,1541061.7508906678
2024-05-01,international_arrivals,SARIMA-GARCH,1383703,793144.834260556,400316.72644864867,1571452.5188467265
2024-06-01,international_arrivals,SARIMA-GARCH,1249237,793144.834260556,392787.911326198,1601573.5463706134
2024-07-01,international_arrivals,SARIMA-GARCH,1346404,793144.834260556,385593.3020669256,1631456.5754698163
2024-08-01,international_arrivals,SARIMA-GARCH,1446809,793144.834260556,378705.45563630183,1661129.2991732198
2024-09-01,international_arrivals,SARIMA-GARCH,1274804,793144.834260556,372100.29427709524,1690616.045699075
2024-10-01,international_arrivals,SARIMA-GARCH,1419833,793144.834260556,365756.56245800084,1719938.3215070567
2024-11-01,international_arrivals,SARIMA-GARCH,1586220,793144.834260556,359655.3909915693,1749115.2471810195
2024-12-01,international_arrivals,SARIMA-GARCH,1747240,793144.834260556,353779.94361209666,1778163.9108517712
2025-01-01,international_arrivals,SARIMA-GARCH,1853008,793144.834260556,348115.12775910075,1807099.6574142962
2025-02-01,international_arrivals,SARIMA-GARCH,1958776,793144.834260556,342647.355897587,1835936.3272081653
2025-03-01,international_arrivals,SARIMA-GARCH,2054309,793144.834260556,337364.3470129854,1864686.4545232793
2025-04-01,international_arrivals,SARIMA-GARCH,2007756,793144.834260556,332254.96033607627,1893361.433875633
2025-05-01,international_arrivals,SARIMA-GARCH,1962704,793144.834260556,327309.055142941,1921971.660208045
2025-06-01,international_arrivals,SARIMA-GARCH,1916151,793144.834260556,322517.3718154242,1950526.647830384
2025-07-01,international_arrivals,SARIMA-GARCH,1871100,793144.834260556,317871.43036241905,1979035.131898972
2025-08-01,international_arrivals,SARIMA-GARCH,1824547,793144.834260556,313363.4433782624,2007505.1554588682
2025-09-01,international_arrivals,SARIMA-GARCH,1777993,793144.834260556,308986.24101338355,2035944.1444739178
2025-10-01,international_arrivals,SARIMA-GARCH,1732942,793144.834260556,304733.20599855797,2064358.9728031866
2025-11-01,international_arrivals,SARIMA-GARCH,1879647,793144.834260556,300598.21712996316,2092756.018716584
2025-12-01,international_arrivals,SARIMA-GARCH,2021619,793144.834260556,296575.59991152136,2121141.2142532314
2023-01-01,asia_arrivals,Holt-Winters,625040,624480.6025105637,437720.9275491573,890923.8703652369
2023-02-01,asia_arrivals,Holt-Winters,685750,687973.5586873612,482225.4254612052,981506.9725953913
2023-03-01,asia_arrivals,Holt-Winters,698678,645698.6026998055,452593.38745621423,921194.823176281
2023-04-01,asia_arrivals,Holt-Winters,712991,804840.9398585021,564141.9786428668,1148237.4348929469
2023-05-01,asia_arrivals,Holt-Winters,726842,886878.9317126732,621645.3594433465,1265278.0682222638
2023-06-01,asia_arrivals,Holt-Winters,791323,950145.5075198433,665991.1792075484,1355538.201773692
2023-07-01,asia_arrivals,Holt-Winters,818885,1109146.4253509638,777440.6444982305,1582379.0556548666
2023-08-01,asia_arrivals,Holt-Winters,981815,1398127.563529304,979997.9238422187,1994657.9848215145
2023-09-01,asia_arrivals,Holt-Winters,862863,1495129.210703565,1047989.8691551965,2133046.723534714
2023-10-01,asia_arrivals,Holt-Winters,898976,1658911.4209263402,1162790.7143480645,2366708.8741956376
2023-11-01,asia_arrivals,Holt-Winters,947390,1980537.119645758,1388229.7409585475,2825560.616203397
2023-12-01,asia_arrivals,Holt-Winters,1079631,2280247.812714252,1598307.7514506713,3253147.0129384557
2024-01-01,asia_arrivals,Holt-Winters,1127138,2514447.0306694875,1762466.411467527,3587270.559543989
2024-02-01,asia_arrivals,Holt-Winters,1174645,2764587.6041666134,1937798.9412669423,3944137.061048605
2024-03-01,asia_arrivals,Holt-Winters,1221658,2547401.823067217,1785565.611406696,3634285.9689450706
2024-04-01,asia_arrivals,Holt-Winters,1214249,3209654.999885094,2249762.6956134764,4579098.603765503
2024-05-01,asia_arrivals,Holt-Winters,1156067,3530326.35644866,2474532.789462911,5036588.820365226
2024-06-01,asia_arrivals,Holt-Winters,1051710,3764721.195651703,2638828.5674521974,5370991.452723818
2024-07-01,asia_arrivals,Holt-Winters,1120251,4412197.418596174,3092667.952909305,6294722.342356046
2024-08-01,asia_arrivals,Holt-Winters,1191077,5625880.020559631,3943381.765549679,8026239.377135271
2024-09-01,asia_arrivals,Holt-Winters,1060201,5987532.972101736,4196877.334128564,8542196.551820217
2024-10-01,asia_arrivals,Holt-Winters,1132872,6635926.82477402,4651359.919284735,9467236.590568334
2024-11-01,asia_arrivals,Holt-Winters,1259737,7969551.539888367,5586145.47540208,11369870.696460035
2024-12-01,asia_arrivals,Holt-Winters,1382509,9197356.168187737,6446757.924512152,13121535.115017112
2025-01-01,asia_arrivals,Holt-Winters,1462369,10124323.869508281,7096502.945252447,14444006.379687171
2025-02-01,asia_arrivals,Holt-Winters,1542229,11109358.091747427,7786948.880150622,15849319.047833119
2025-03-01,asia_arrivals,Holt-Winters,1614360,10049976.910331227,7044390.486033365,14337938.26427475
2025-04-01,asia_arrivals,Holt-Winters,1579849,12799902.077668365,8971911.997667862,18261156.957456388
2025-05-01,asia_arrivals,Holt-Winters,1546452,14052881.10629495,9850170.089921085,20048736.781685736
2025-06-01,asia_arrivals,Holt-Winters,1511942,14916794.921217069,10455718.372557845,21281251.3490848
2025-07-01,asia_arrivals,Holt-Winters,1478544,17551772.80087857,12302669.193640288,25040478.907854486
2025-08-01,asia_arrivals,Holt-Winters,1444034,22637795.599878155,15867645.604699587,32296523.528990485
2025-09-01,asia_arrivals,Holt-Winters,1409523,23978229.32984849,16807203.844366234,34208871.80990139
2025-10-01,asia_arrivals,Holt-Winters,1376126,26544831.911016606,18606227.958105564,37870550.805391125
2025-11-01,asia_arrivals,Holt-Winters,1456346,32068952.970847454,22478283.206069954,45751614.356772386
2025-12-01,asia_arrivals,Holt-Winters,1533979,37097441.78366696,26002931.97573399,52925577.32246701
2023-01-01,asia_arrivals,SARIMA,625040,588475.339440952,408305.41260545136,848147.5249625925
2023-02-01,asia_arrivals,SARIMA,685750,597946.3921373878,320617.56470558816,1115160.0137641712
2023-03-01,asia_arrivals,SARIMA,698678,601595.6963429749,260631.5625756977,1388616.8593002765
2023-04-01,asia_arrivals,SARIMA,712991,602992.2633286028,218127.85827540664,1666910.7399160024
2023-05-01,asia_arrivals,SARIMA,726842,603525.3337818485,186657.1562416882,1951400.2883707348
2023-06-01,asia_arrivals,SARIMA,791323,603728.6055839425,162420.91878450697,2244096.5851444225
2023-07-01,asia_arrivals,SARIMA,818885,603806.0884467191,143149.25359909216,2546864.7811911423
2023-08-01,asia_arrivals,SARIMA,981815,603835.6190062672,127432.32911769139,2861263.364683037
2023-09-01,asia_arrivals,SARIMA,862863,603846.8731867131,114355.40552373223,3188577.2656518477
2023-10-01,asia_arrivals,SARIMA,898976,603851.1620973235,103299.65825582383,3529888.0182474423
2023-11-01,asia_arrivals,SARIMA,947390,603852.7965662035,93830.53134980625,3886135.9375812346
2023-12-01,asia_arrivals,SARIMA,1079631,603853.4194470817,85632.85987651492,4258166.230857561
2024-01-01,asia_arrivals,SARIMA,1127138,603853.6568209135,78471.69793545365,4646761.169306177
2024-02-01,asia_arrivals,SARIMA,1174645,603853.7472817271,72167.76792884695,5052662.13118433
2024-03-01,asia_arrivals,SARIMA,1221658,603853.7817554405,66581.52978148343,5476584.736593944
2024-04-01,asia_arrivals,SARIMA,1214249,603853.7948930282,61602.51322050832,5919229.371397106
2024-05-01,asia_arrivals,SARIMA,1156067,603853.7998996314,57141.97120040753,6381288.639384977
2024-06-01,asia_arrivals,SARIMA,1051710,603853.8018075973,53127.69347839668,6863452.750979341
2024-07-01,asia_arrivals,SARIMA,1120251,603853.802534704,49500.26420543038,7366413.5068519255
2024-08-01,asia_arrivals,SARIMA,1191077,603853.8028117967,46210.30881296193,7890867.309417058
2024-09-01,asia_arrivals,SARIMA,1060201,603853.8029173936,43216.43370900159,8437517.490524614
2024-10-01,asia_arrivals,SARIMA,1132872,603853.8029576355,40483.66076404407,9007076.150343023
2024-11-01,asia_arrivals,SARIMA,1259737,603853.8029729713,37982.22142822549,9600265.641491624
2024-12-01,asia_arrivals,SARIMA,1382509,603853.8029788152,35686.616400593084,10217819.79212572
2025-01-01,asia_arrivals,SARIMA,1462369,603853.8029810421,33574.87419511803,10860484.934525484
2025-02-01,asia_arrivals,SARIMA,1542229,603853.8029818905,31627.96061408166,11529020.787174752
2025-03-01,asia_arrivals,SARIMA,1614360,603853.8029822145,29829.30407082456,12224201.225422783
2025-04-01,asia_arrivals,SARIMA,1579849,603853.8029823378,28164.410807847293,12946814.96673222
2025-05-01,asia_arrivals,SARIMA,1546452,603853.802982385,26620.550560797106,13697666.190017767
2025-06-01,asia_arrivals,SARIMA,1511942,603853.8029824032,25186.497929392655,14477575.103872487
2025-07-01,asia_arrivals,SARIMA,1478544,603853.8029824097,23852.318170314746,15287378.475025063
2025-08-01,asia_arrivals,SARIMA,1444034,603853.8029824118,22609.18868892822,16127930.1258115
2025-09-01,asia_arrivals,SARIMA,1409523,603853.8029824129,21449.249427120114,17000101.40752422
2025-10-01,asia_arrivals,SARIMA,1376126,603853.8029824129,20365.476798400057,17904781.655049134
2025-11-01,asia_arrivals,SARIMA,1456346,603853.8029824129,19351.576932204032,18842878.627090387
2025-12-01,asia_arrivals,SARIMA,1533979,603853.8029824129,18401.894845325452,19815318.935427513
2023-01-01,asia_arrivals,SARIMA-GARCH,625040,588475.339440952,487634.2249569495,710170.0565843526
2023-02-01,asia_arrivals,SARIMA-GARCH,685750,597946.3921373878,471741.42587893637,757914.9683620846
2023-03-01,asia_arrivals,SARIMA-GARCH,698678,601595.6963429749,455760.4136002938,794095.6938304733
2023-04-01,asia_arrivals,SARIMA-GARCH,712991,602992.2633286028,440957.28990477306,824568.9048766426
2023-05-01,asia_arrivals,SARIMA-GARCH,726842,603525.3337818485,427561.32560452557,851907.8005979415
2023-06-01,asia_arrivals,SARIMA-GARCH,791323,603728.6055839425,415459.6091330471,877313.2723080373
2023-07-01,asia_arrivals,SARIMA-GARCH,818885,603806.0884467191,404464.97545928234,901392.739955625
2023-08-01,asia_arrivals,SARIMA-GARCH,981815,603835.6190062672,394400.57615725836,924485.0966832737
2023-09-01,asia_arrivals,SARIMA-GARCH,862863,603846.8731867131,385119.51964409224,946799.7015428968
2023-10-01,asia_arrivals,SARIMA-GARCH,898976,603851.1620973235,376504.35269136995,968478.1154846024
2023-11-01,asia_arrivals,SARIMA-GARCH,947390,603852.7965662035,368461.7131162249,989623.0380001676
2023-12-01,asia_arrivals,SARIMA-GARCH,1079631,603853.4194470817,360916.87028835283,1010312.8509526494
2024-01-01,asia_arrivals,SARIMA-GARCH,1127138,603853.6568209135,353809.2978167257,1030609.5433503105
2024-02-01,asia_arrivals,SARIMA-GARCH,1174645,603853.7472817271,347089.3314979883,1050563.3997232134
2024-03-01,asia_arrivals,SARIMA-GARCH,1221658,603853.7817554405,340715.7004894761,1070215.9871602692
2024-04-01,asia_arrivals,SARIMA-GARCH,1214249,603853.7948930282,334653.70509993384,1089602.176966256
2024-05-01,asia_arrivals,SARIMA-GARCH,1156067,603853.7998996314,328873.8604442237,1108751.577765075
2024-06-01,asia_arrivals,SARIMA-GARCH,1051710,603853.8018075973,323350.8743040641,1127689.5871776708
2024-07-01,asia_arrivals,SARIMA-GARCH,1120251,603853.802534704,318062.8662897203,1146438.1840270371
2024-08-01,asia_arrivals,SARIMA-GARCH,1191077,603853.8028117967,312990.76320451667,1165016.5373474709
2024-09-01,asia_arrivals,SARIMA-GARCH,1060201,603853.8029173936,308117.8247881521,1183441.4823241986
2024-10-01,asia_arrivals,SARIMA-GARCH,1132872,603853.8029576355,303429.2672523458,1201727.8974053215
2024-11-01,asia_arrivals,SARIMA-GARCH,1259737,603853.8029729713,298911.9611416557,1219889.0066902202
2024-12-01,asia_arrivals,SARIMA-GARCH,1382509,603853.8029788152,294554.1863919552,1237936.6249670682
2025-01-01,asia_arrivals,SARIMA-GARCH,1462369,603853.8029810421,290345.4319193237,1255881.3581609472
2025-02-01,asia_arrivals,SARIMA-GARCH,1542229,603853.8029818905,286276.23025115085,1273732.768717098
2025-03-01,asia_arrivals,SARIMA-GARCH,1614360,603853.8029822145,282338.02000718034,1291499.5131254715
2025-04-01,asia_arrivals,SARIMA-GARCH,1579849,603853.8029823378,278523.03071744624,1309189.4571050694
2025-05-01,asia_arrivals,SARIMA-GARCH,1546452,603853.802982385,274824.1857073588,1326809.7727198151
2025-06-01,asia_arrivals,SARIMA-GARCH,1511942,603853.8029824032,271235.0197110916,1344367.0207656445
2025-07-01,asia_arrivals,SARIMA-GARCH,1478544,603853.8029824097,267749.6085790275,1361867.2210633461
2025-08-01,asia_arrivals,SARIMA-GARCH,1444034,603853.8029824118,264362.5089835609,1379315.9127529545
2025-09-01,asia_arrivals,SARIMA-GARCH,1409523,603853.8029824129,261068.7064430125,1396718.2062700351
2025-10-01,asia_arrivals,SARIMA-GARCH,1376126,603853.8029824129,257863.57030678814,1414078.8283606719
2025-11-01,asia_arrivals,SARIMA-GARCH,1456346,603853.8029824129,254742.8145985361,1431402.1612384985
2025-12-01,asia_arrivals,SARIMA-GARCH,1533979,603853.8029824129,251702.46381460497,1448692.2767863849
2023-01-01,europe_arrivals,Holt-Winters,114389,109024.79962855013,67117.7332384391,177097.86014105167
2023-02-01,europe_arrivals,Holt-Winters,125318,119337.73399432945,73466.57111776732,193849.99923396643
2023-03-01,europe_arrivals,Holt-Winters,117000,113179.88983953295,69675.68553289454,183847.31152793954
2023-04-01,europe_arrivals,Holt-Winters,107792,114805.07659122671,70676.18130298045,186487.2347108773
2023-05-01,europe_arrivals,Holt-Winters,98880,93333.66819932056,57457.975302039,151609.47760078363
2023-06-01,europe_arrivals,Holt-Winters,74185,75097.01134241922,46231.14366141539,121986.19082119377
2023-07-01,europe_arrivals,Holt-Winters,94266,96351.15553001346,59315.59769989554,156511.02799197103
2023-08-01,europe_arrivals,Holt-Winters,129827,112503.82839925712,69259.48929537956,182749.12987748344
2023-09-01,europe_arrivals,Holt-Winters,96519,84685.43786182337,52133.960777322456,137561.4528211389
2023-10-01,europe_arrivals,Holt-Winters,105258,92572.00406963647,56989.08042630802,150372.24453112594
2023-11-01,europe_arrivals,Holt-Winters,166807,124218.51114343801,76471.27004687549,201778.2430085701
2023-12-01,europe_arrivals,Holt-Winters,171286,120225.52874328956,74013.114393556,195292.1165395792
2024-01-01,europe_arrivals,Holt-Winters,190584,126760.60443366572,78036.23086223158,205907.57214755588
2024-02-01,europe_arrivals,Holt-Winters,209883,138891.4432757928,85504.2051959461,225612.68151694813
2024-03-01,europe_arrivals,Holt-Winters,235073,131612.58963343303,81023.20492156806,213789.04681425937
2024-04-01,europe_arrivals,Holt-Winters,193831,133505.36859592423,82188.43552888528,216863.64181575674
2024-05-01,europe_arrivals,Holt-Winters,120280,108228.55745092852,66627.55146096389,175804.45913237042
2024-06-01,europe_arrivals,Holt-Winters,83663,86823.37760340817,53450.117007321795,141034.2824400436
2024-07-01,europe_arrivals,Holt-Winters,115846,111737.899236463,68787.96878442148,181504.96876723503
2024-08-01,europe_arrivals,Holt-Winters,149102,130710.29477295869,80467.73510227868,212323.37579674134
2024-09-01,europe_arrivals,Holt-Winters,102889,98014.90180584925,60339.831443946845,159213.58654995073
2024-10-01,europe_arrivals,Holt-Winters,161718,107248.84110593467,66024.41950826443,174213.02609296323
2024-11-01,europe_arrivals,Holt-Winters,187826,144435.00864903108,88916.92911911322,234617.54617615766
2024-12-01,europe_arrivals,Holt-Winters,213091,139710.98589043366,86008.73116411486,226943.9313228803
2025-01-01,europe_arrivals,Holt-Winters,238041,147381.61309292133,90730.9146682546,239403.95572217825
2025-02-01,europe_arrivals,Holt-Winters,262991,161649.06412710535,99514.22796731514,262579.73826367216
2025-03-01,europe_arrivals,Holt-Winters,285526,153047.27522334154,94218.80366951162,248607.15208665805
2025-04-01,europe_arrivals,Holt-Winters,275758,155251.70117168548,95575.89006865137,252187.98066530458
2025-05-01,europe_arrivals,Holt-Winters,266305,125500.48523641146,77260.47759858788,203860.65792146497
2025-06-01,europe_arrivals,Holt-Winters,256537,100380.8109498748,61796.32995929479,163056.72543323788
2025-07-01,europe_arrivals,Holt-Winters,247085,129581.82034349117,79773.02485303767,210490.30288705946
2025-08-01,europe_arrivals,Holt-Winters,237317,151863.10904017705,93489.8085210463,246683.61452635686
2025-09-01,europe_arrivals,Holt-Winters,227549,113442.41960093967,69837.3038303212,184273.75999770858
2025-10-01,europe_arrivals,Holt-Winters,218096,124252.6186417389,76492.26726934404,201833.64659550108
2025-11-01,europe_arrivals,Holt-Winters,266758,167941.73051516016,103388.1126745644,272801.42870202084
2025-12-01,europe_arrivals,Holt-Winters,313851,162354.53303894462,99948.52800174915,263725.6888648972
2023-01-01,europe_arrivals,SARIMA,114389,91077.98753746152,64032.33908374886,129547.03720919175
2023-02-01,europe_arrivals,SARIMA,125318,54660.18058547152,28546.985660421324,104660.27401900695
2023-03-01,europe_arrivals,SARIMA,117000,50760.92179771498,22371.533759355585,115176.33120152947
2023-04-01,europe_arrivals,SARIMA,107792,79584.44858437094,31146.114926016184,203353.91658071254
2023-05-01,europe_arrivals,SARIMA,98880,92096.16846973223,32975.30800116343,257213.79907978576
2023-06-01,europe_arrivals,SARIMA,74185,99462.94726630206,33240.835282689266,297612.19279742555
2023-07-01,europe_arrivals,SARIMA,94266,106920.27789197603,33836.364439259014,337859.755737627
2023-08-01,europe_arrivals,SARIMA,129827,111347.56944943302,33729.01774800762,367585.0069197073
2023-09-01,europe_arrivals,SARIMA,96519,108907.27204138094,31841.326557915123,372496.85191105824
2023-10-01,europe_arrivals,SARIMA,105258,108331.03195620074,30770.606217171793,381390.3568187171
2023-11-01,europe_arrivals,SARIMA,166807,108627.2964428337,30132.226348341446,391603.6404369028
2023-12-01,europe_arrivals,SARIMA,171286,101528.80944506613,27619.098231609,373223.5955312736
2024-01-01,europe_arrivals,SARIMA,190584,82785.53211461687,21195.546991887895,323343.59335587133
2024-02-01,europe_arrivals,SARIMA,209883,50008.50284406223,11746.078454351324,212909.38643255385
2024-03-01,europe_arrivals,SARIMA,235073,46793.30775291885,10264.067812642012,213328.05768902655
2024-04-01,europe_arrivals,SARIMA,193831,73969.46894563777,15356.937102338014,356287.34425607993
2024-05-01,europe_arrivals,SARIMA,120280,86194.21688996979,17114.261703761567,434108.29832304275
2024-06-01,europe_arrivals,SARIMA,83663,93665.43550411446,17932.548384646016,489234.0798414974
2024-07-01,europe_arrivals,SARIMA,115846,101235.52234670096,18811.163561289944,544816.4304891411
2024-08-01,europe_arrivals,SARIMA,149102,105953.76625914397,19209.07128220054,584421.8296435657
2024-09-01,europe_arrivals,SARIMA,102889,104121.12279523227,18496.665551168386,586116.8966995256
2024-10-01,europe_arrivals,SARIMA,161718,104006.87620864835,18167.63732749315,595423.0648534053
2024-11-01,europe_arrivals,SARIMA,187826,104690.2461594123,18033.05732244361,607775.3452975315
2024-12-01,europe_arrivals,SARIMA,213091,98213.9006972538,16721.997316606372,576843.1908902867
2025-01-01,europe_arrivals,SARIMA,238041,80331.48422595284,13130.295010659805,491470.0966509537
2025-02-01,europe_arrivals,SARIMA,262991,48650.614909459604,7480.039093204107,316426.46536686335
2025-03-01,europe_arrivals,SARIMA,285526,45629.34896205112,6675.160397066775,311908.2333385625
2025-04-01,europe_arrivals,SARIMA,275758,72283.75041243651,10153.033752920395,514618.65495961
2025-05-01,europe_arrivals,SARIMA,266305,84394.8676507936,11464.631810897774,621257.9525689293
2025-06-01,europe_arrivals,SARIMA,256537,91874.51330324453,12141.544638515217,695210.242684599
2025-07-01,europe_arrivals,SARIMA,247085,99462.79637721807,12848.29657430666,769973.49850712
2025-08-01,europe_arrivals,SARIMA,237317,104254.69838063949,13215.411129454274,822452.0620636148
2025-09-01,europe_arrivals,SARIMA,227549,102592.11181785977,12802.385131666957,822123.4792581028
2025-10-01,europe_arrivals,SARIMA,218096,102608.32322936255,12638.58890401896,833041.4159284333
2025-11-01,europe_arrivals,SARIMA,266758,103401.26880820823,12598.800711268776,848638.1074020979
2025-12-01,europe_arrivals,SARIMA,313851,97106.64311812207,11725.333397252349,804215.9500453974
2023-01-01,europe_arrivals,SARIMA-GARCH,114389,91077.98753746152,54654.59934050935,151774.96338767765
2023-02-01,europe_arrivals,SARIMA-GARCH,125318,54660.18058547152,32167.17147754464,92881.50634326196
2023-03-01,europe_arrivals,SARIMA-GARCH,117000,50760.92179771498,29315.72509399781,87893.82399691323
2023-04-01,europe_arrivals,SARIMA-GARCH,107792,79584.44858437094,45133.555854182916,140332.05087897775
2023-05-01,europe_arrivals,SARIMA-GARCH,98880,92096.16846973223,51316.69693736932,165281.57019063405
2023-06-01,europe_arrivals,SARIMA-GARCH,74185,99462.94726630206,54481.4013164869,181582.66196991975
2023-07-01,europe_arrivals,SARIMA-GARCH,94266,106920.27789197603,57599.97152302357,198471.37979795455
2023-08-01,europe_arrivals,SARIMA-GARCH,129827,111347.56944943302,59021.12111769387,210065.15951421746
2023-09-01,europe_arrivals,SARIMA-GARCH,96519,108907.27204138094,56822.88177817466,208732.70647901244
2023-10-01,europe_arrivals,SARIMA-GARCH,105258,108331.03195620074,55657.2307380335,210855.12752031026
2023-11-01,europe_arrivals,SARIMA-GARCH,166807,108627.2964428337,54974.54549791096,214642.78468528073
2023-12-01,europe_arrivals,SARIMA-GARCH,171286,101528.80944506613,50629.973981747346,203596.76959440534
2024-01-01,europe_arrivals,SARIMA-GARCH,190584,82785.53211461687,40691.296675009886,168425.31173771195
2024-02-01,europe_arrivals,SARIMA-GARCH,209883,50008.50284406223,24235.088028719634,103191.3048444868
2024-03-01,europe_arrivals,SARIMA-GARCH,235073,46793.30775291885,22364.333523959587,97906.5013546492
2024-04-01,europe_arrivals,SARIMA-GARCH,193831,73969.46894563777,34874.45730558405,156890.82379566046
2024-05-01,europe_arrivals,SARIMA-GARCH,120280,86194.21688996979,40097.85696043614,185282.7953525211
2024-06-01,europe_arrivals,SARIMA-GARCH,83663,93665.43550411446,43004.15004403712,204008.5386919978
2024-07-01,europe_arrivals,SARIMA-GARCH,115846,101235.52234670096,45882.47509259028,223367.0037226147
2024-08-01,europe_arrivals,SARIMA-GARCH,149102,105953.76625914397,47413.66705702733,236771.4054050043
2024-09-01,europe_arrivals,SARIMA-GARCH,102889,104121.12279523227,46013.50785357439,235609.25297499733
2024-10-01,europe_arrivals,SARIMA-GARCH,161718,104006.87620864835,45399.40055717689,238272.53589080807
2024-11-01,europe_arrivals,SARIMA-GARCH,187826,104690.2461594123,45145.49779936964,242771.66439997425
2024-12-01,europe_arrivals,SARIMA-GARCH,213091,98213.9006972538,41848.180328500806,230499.15705894193
2025-01-01,europe_arrivals,SARIMA-GARCH,238041,80331.48422595284,33826.48796909787,190772.0175928335
2025-02-01,europe_arrivals,SARIMA-GARCH,262991,48650.614909459604,20248.653201612055,116890.85232000018
2025-03-01,europe_arrivals,SARIMA-GARCH,285526,45629.34896205112,18773.931809152178,110900.45004241756
2025-04-01,europe_arrivals,SARIMA-GARCH,275758,72283.75041243651,29404.832593669118,177689.8595509212
2025-05-01,europe_arrivals,SARIMA-GARCH,266305,84394.8676507936,33948.66203241465,209801.89672848707
2025-06-01,europe_arrivals,SARIMA-GARCH,256537,91874.51330324453,36550.18229529136,230940.74132143173
2025-07-01,europe_arrivals,SARIMA-GARCH,247085,99462.79637721807,39138.14112301448,252767.4431977208
2025-08-01,europe_arrivals,SARIMA-GARCH,237317,104254.69838063949,40582.180094604504,267827.9508173386
2025-09-01,europe_arrivals,SARIMA-GARCH,227549,102592.11181785977,39510.016614330794,266391.72314168647
2025-10-01,europe_arrivals,SARIMA-GARCH,218096,102608.32322936255,39100.36955161592,269267.73625611997
2025-11-01,europe_arrivals,SARIMA-GARCH,266758,103401.26880820823,38992.31453098389,274203.32749551075
2025-12-01,europe_arrivals,SARIMA-GARCH,313851,97106.64311812207,36241.42146273805,260191.23304436493
2023-01-01,americas_arrivals,Holt-Winters,82579,96294.00335948051,69392.93863672228,133623.61164063285
2023-02-01,americas_arrivals,Holt-Winters,90188,125582.50796879358,90499.293468893,174266.18157138434
2023-03-01,americas_arrivals,Holt-Winters,80203,112400.82943271667,81000.09956407412,155974.45589765898
2023-04-01,americas_arrivals,Holt-Winters,69148,133227.82946286484,96008.78841963824,184875.3102247833
2023-05-01,americas_arrivals,Holt-Winters,58450,137001.47127681068,98728.21108040906,190111.85279883243
2023-06-01,americas_arrivals,Holt-Winters,77394,175839.05439561035,126715.97696548101,244005.3242786049
2023-07-01,americas_arrivals,Holt-Winters,82669,212672.4020750999,153259.41836510797,295117.59268616803
2023-08-01,americas_arrivals,Holt-Winters,69331,211225.50369786716,152216.7311073144,293109.78555282985
2023-09-01,americas_arrivals,Holt-Winters,57426,216043.46052550222,155688.7249057895,299795.4852805051
2023-10-01,americas_arrivals,Holt-Winters,65080,274393.1517568229,197737.62101379473,380765.18441470613
2023-11-01,americas_arrivals,Holt-Winters,79491,367665.02218679886,264952.70144945924,510195.09444558324
2023-12-01,americas_arrivals,Holt-Winters,76385,425022.842299277,306286.81938557356,589788.4108710185
2024-01-01,americas_arrivals,Holt-Winters,90580,550457.4169429247,396679.50675443973,763849.3108620504
2024-02-01,americas_arrivals,Holt-Winters,104774,730962.2256322296,526757.794872232,1014329.1290655155
2024-03-01,americas_arrivals,Holt-Winters,100265,629715.3148785236,453795.61218198563,873832.5518086614
2024-04-01,americas_arrivals,Holt-Winters,91560,749286.8631127218,539963.1908456135,1039757.5478322322
2024-05-01,americas_arrivals,Holt-Winters,66273,757687.5154000289,546017.0044616621,1051414.8209707965
2024-06-01,americas_arrivals,Holt-Winters,76752,987476.6561707369,711611.3632854307,1370284.6761470537
2024-07-01,americas_arrivals,Holt-Winters,70505,1202177.5562136602,866332.5905908137,1668217.140115025
2024-08-01,americas_arrivals,Holt-Winters,64050,1169059.413116347,842466.4598709741,1622260.3231056242
2024-09-01,americas_arrivals,Holt-Winters,62332,1176078.036425782,847524.3334626211,1631999.805966781
2024-10-01,americas_arrivals,Holt-Winters,76190,1513800.7394128018,1090899.5176588541,2100645.0562602337
2024-11-01,americas_arrivals,Holt-Winters,84314,2069923.4255012814,1491661.6220877338,2872355.850680293
2024-12-01,americas_arrivals,Holt-Winters,92175,2393150.5630851286,1724590.7780222504,3320886.1432986143
2025-01-01,americas_arrivals,Holt-Winters,96549,3146648.361230943,2267588.5208249995,4366487.049261931
2025-02-01,americas_arrivals,Holt-Winters,100923,4254619.404750158,3066032.493988823,5903977.310992772
2025-03-01,americas_arrivals,Holt-Winters,104874,3527922.1674243,2542348.203815788,4895566.547777888
2025-04-01,americas_arrivals,Holt-Winters,101621,4214065.52592521,3036807.9033954134,5847702.199713044
2025-05-01,americas_arrivals,Holt-Winters,98472,4190395.6624898044,3019750.5444363058,5814856.409436021
2025-06-01,americas_arrivals,Holt-Winters,95219,5545469.690074052,3996265.857579241,7695242.30356344
2025-07-01,americas_arrivals,Holt-Winters,92071,6795573.203492107,4897135.6248515,9429964.514291009
2025-08-01,americas_arrivals,Holt-Winters,88818,6470335.671921719,4662757.706359859,8978644.472613228
2025-09-01,americas_arrivals,Holt-Winters,85564,6402228.257216119,4613677.042097425,8884134.343062457
2025-10-01,americas_arrivals,Holt-Winters,82416,8351493.701554337,6018388.162692131,11589057.5950991
2025-11-01,americas_arrivals,Holt-Winters,97038,11653496.33194667,8397930.583975747,16171123.993073322
2025-12-01,americas_arrivals,Holt-Winters,111189,13474968.984283272,9710549.600553561,18698713.934486806
2023-01-01,americas_arrivals,SARIMA,82579,70384.59172779454,49368.682090237795,100346.83007403857
2023-02-01,americas_arrivals,SARIMA,90188,62011.68351212393,35052.71890737371,109704.72510761188
2023-03-01,americas_arrivals,SARIMA,80203,89171.19497148531,43203.7776836614,184046.45239274317
2023-04-01,americas_arrivals,SARIMA,69148,126504.53636023567,53998.72017957317,296366.2410238384
2023-05-01,americas_arrivals,SARIMA,58450,154201.38956935698,58956.78475928558,403313.52264551015
2023-06-01,americas_arrivals,SARIMA,77394,178323.8348525949,61768.261959566524,514817.62749535375
2023-07-01,americas_arrivals,SARIMA,82669,198881.32877358855,62940.25564900584,628433.782590983
2023-08-01,americas_arrivals,SARIMA,69331,218080.3836548026,63473.410191456875,749275.2255089494
2023-09-01,americas_arrivals,SARIMA,57426,235710.35913332034,63432.07938435473,875887.6256618878
2023-10-01,americas_arrivals,SARIMA,65080,251585.25121143207,62877.05166403308,1006649.2774712186
2023-11-01,americas_arrivals,SARIMA,79491,266994.3781500805,62203.484331720814,1146012.9401046385
2023-12-01,americas_arrivals,SARIMA,76385,281093.76133317186,61245.34476603649,1290117.689144712
2024-01-01,americas_arrivals,SARIMA,90580,272401.606503845,52504.541314465816,1413261.279275887
2024-02-01,americas_arrivals,SARIMA,104774,255757.9236199474,43251.25784316046,1512374.8708439192
2024-03-01,americas_arrivals,SARIMA,100265,306447.6219581448,45878.935018191514,2046912.0516107364
2024-04-01,americas_arrivals,SARIMA,91560,364721.6969498869,48696.97012304473,2731626.1338209114
2024-05-01,americas_arrivals,SARIMA,66273,402497.15277860983,48224.1798355839,3359392.706049659
2024-06-01,americas_arrivals,SARIMA,76752,432697.0866076125,46766.50190877702,4003437.5272266725
2024-07-01,americas_arrivals,SARIMA,70505,456847.9040387327,44746.00295153182,4664327.395916337
2024-08-01,americas_arrivals,SARIMA,64050,478293.5744753739,42623.52474193981,5367100.557015522
2024-09-01,americas_arrivals,SARIMA,62332,497165.54200673,40454.972108473725,6109844.186669763
2024-10-01,americas_arrivals,SARIMA,76190,513560.67746610206,38278.98382844754,6890061.936373463
2024-11-01,americas_arrivals,SARIMA,84314,528984.8317057627,36220.60114194789,7725574.489449943
2024-12-01,americas_arrivals,SARIMA,92175,542710.7308054337,34225.979876167425,8605595.468618311
2025-01-01,americas_arrivals,SARIMA,96549,534290.8827181872,30432.46903149406,9380334.76877459
2025-02-01,americas_arrivals,SARIMA,100923,517783.18959554774,26572.26756340988,10089444.974463241
2025-03-01,americas_arrivals,SARIMA,104874,566549.8224189016,26289.154222431214,12209548.41555965
2025-04-01,americas_arrivals,SARIMA,101621,617836.8599287753,26005.198837630753,14678695.128232544
2025-05-01,americas_arrivals,SARIMA,98472,648903.1757609223,24847.31648084827,16946511.380300008
2025-06-01,americas_arrivals,SARIMA,95219,672699.4754309015,23495.906959684293,19259719.789556503
2025-07-01,americas_arrivals,SARIMA,92071,691134.9117921198,22073.491099317107,21639869.477315214
2025-08-01,americas_arrivals,SARIMA,88818,707099.1071466432,20697.127775281497,24157417.046278045
2025-09-01,americas_arrivals,SARIMA,85564,720852.5030496857,19378.095491703938,26815242.569913954
2025-10-01,americas_arrivals,SARIMA,82416,732589.4571985388,18122.18194887105,29614938.990935605
2025-11-01,americas_arrivals,SARIMA,97038,743460.6918226555,16954.58338740735,32600848.257701963
2025-12-01,americas_arrivals,SARIMA,111189,753001.8404724472,15857.999245430417,35755568.08771327
2023-01-01,americas_arrivals,SARIMA-GARCH,82579,70384.59172779454,49080.95706724832,100935.08865160492
2023-02-01,americas_arrivals,SARIMA-GARCH,90188,62011.68351212393,43242.31627140226,88927.9119063046
2023-03-01,americas_arrivals,SARIMA-GARCH,80203,89171.19497148531,62181.330950359166,127876.03435170147
2023-04-01,americas_arrivals,SARIMA-GARCH,69148,126504.53636023567,88214.8147129096,181413.94698612008
2023-05-01,americas_arrivals,SARIMA-GARCH,58450,154201.38956935698,107528.53139273536,221132.64486310136
2023-06-01,americas_arrivals,SARIMA-GARCH,77394,178323.8348525949,124349.7229666458,255725.45975888552
2023-07-01,americas_arrivals,SARIMA-GARCH,82669,198881.32877358855,138684.98373578695,285205.9528672792
2023-08-01,americas_arrivals,SARIMA-GARCH,69331,218080.3836548026,152072.9705838433,312738.37521839474
2023-09-01,americas_arrivals,SARIMA-GARCH,57426,235710.35913332034,164366.79865497933,338020.65780561295
2023-10-01,americas_arrivals,SARIMA-GARCH,65080,251585.25121143207,175436.76265430285,360786.0614245493
2023-11-01,americas_arrivals,SARIMA-GARCH,79491,266994.3781500805,186181.93683454415,382883.5341158713
2023-12-01,americas_arrivals,SARIMA-GARCH,76385,281093.76133317186,196013.79354774253,403102.76756714593
2024-01-01,americas_arrivals,SARIMA-GARCH,90580,272401.606503845,189952.53400886335,390637.77492125094
2024-02-01,americas_arrivals,SARIMA-GARCH,104774,255757.9236199474,178346.4727245249,366769.88613855466
2024-03-01,americas_arrivals,SARIMA-GARCH,100265,306447.6219581448,213693.68220344573,439461.49476892577
2024-04-01,americas_arrivals,SARIMA-GARCH,91560,364721.6969498869,254329.66946421925,523029.48573099734
2024-05-01,americas_arrivals,SARIMA-GARCH,66273,402497.15277860983,280671.4508145614,577201.4129856157
2024-06-01,americas_arrivals,SARIMA-GARCH,76752,432697.0866076125,301730.62895725167,620509.6559330126
2024-07-01,americas_arrivals,SARIMA-GARCH,70505,456847.9040387327,318571.60514790565,655143.1579336261
2024-08-01,americas_arrivals,SARIMA-GARCH,64050,478293.5744753739,333526.2138788999,685897.3413930585
2024-09-01,americas_arrivals,SARIMA-GARCH,62332,497165.54200673,346686.11444014625,712960.7038285894
2024-10-01,americas_arrivals,SARIMA-GARCH,76190,513560.67746610206,358118.8573152608,736472.162948015
2024-11-01,americas_arrivals,SARIMA-GARCH,84314,528984.8317057627,368874.51041279803,758591.1855542123
2024-12-01,americas_arrivals,SARIMA-GARCH,92175,542710.7308054337,378445.927222691,778274.8238113633
2025-01-01,americas_arrivals,SARIMA-GARCH,96549,534290.8827181872,372574.5540664551,766200.3328999805
2025-02-01,americas_arrivals,SARIMA-GARCH,100923,517783.18959554774,361063.32188419654,742527.460359782
2025-03-01,americas_arrivals,SARIMA-GARCH,104874,566549.8224189016,395069.529111706,812461.2951158076
2025-04-01,americas_arrivals,SARIMA-GARCH,101621,617836.8599287753,430833.2783121757,886009.5185359811
2025-05-01,americas_arrivals,SARIMA-GARCH,98472,648903.1757609223,452496.6065515887,930560.1973936658
2025-06-01,americas_arrivals,SARIMA-GARCH,95219,672699.4754309015,469090.3685354528,964685.3028721036
2025-07-01,americas_arrivals,SARIMA-GARCH,92071,691134.9117921198,481945.864864265,991122.6573806818
2025-08-01,americas_arrivals,SARIMA-GARCH,88818,707099.1071466432,493078.1022982669,1014016.1264454867
2025-09-01,americas_arrivals,SARIMA-GARCH,85564,720852.5030496857,502668.69332502456,1033739.196518862
2025-10-01,americas_arrivals,SARIMA-GARCH,82416,732589.4571985388,510853.16848555964,1050570.5864357778
2025-11-01,americas_arrivals,SARIMA-GARCH,97038,743460.6918226555,518433.9555123317,1066160.4904701773
2025-12-01,americas_arrivals,SARIMA-GARCH,111189,753001.8404724472,525087.2399281035,1079842.983486953
2023-01-01,oceania_arrivals,Holt-Winters,27109,23590.573335000223,12855.610944735668,43289.66959768759
2023-02-01,oceania_arrivals,Holt-Winters,29678,22567.82917937208,12298.269638356713,41412.89212596669
2023-03-01,oceania_arrivals,Holt-Winters,29755,18848.613114343858,10271.49419409585,34587.97810920517
2023-04-01,oceania_arrivals,Holt-Winters,29841,24799.38770243196,13514.350645184286,45507.89353942704
2023-05-01,oceania_arrivals,Holt-Winters,29924,20664.092478741444,11260.834133208913,37919.457201728495
2023-06-01,oceania_arrivals,Holt-Winters,30204,19936.88539529811,10864.544852391256,36585.0023784261
2023-07-01,oceania_arrivals,Holt-Winters,40417,25150.717688174074,13705.806848718734,46152.598472476355
2023-08-01,oceania_arrivals,Holt-Winters,33645,21809.836529706477,11885.203857178221,40021.94452602785
2023-09-01,oceania_arrivals,Holt-Winters,34759,22617.836375808463,12325.52090744178,41504.65738238909
2023-10-01,oceania_arrivals,Holt-Winters,40384,19710.66882994711,10741.268825475363,36169.88570311243
2023-11-01,oceania_arrivals,Holt-Winters,36582,21123.266277771956,11511.059493675017,38762.059955195895
2023-12-01,oceania_arrivals,Holt-Winters,40024,23847.590024133573,12995.671405110334,43761.3057633575
2024-01-01,oceania_arrivals,Holt-Winters,39040,23137.790542739564,12608.868343904596,42458.79460375934
2024-02-01,oceania_arrivals,Holt-Winters,38056,22136.49618210803,12063.216037848137,40621.37838558472
2024-03-01,oceania_arrivals,Holt-Winters,38182,18494.71902651643,10078.640690955188,33938.567943666945
2024-04-01,oceania_arrivals,Holt-Winters,52809,24320.83618874658,13253.565458254297,44629.731884823355
2024-05-01,oceania_arrivals,Holt-Winters,36666,20272.397448961696,11047.381122112985,37200.680757365255
2024-06-01,oceania_arrivals,Holt-Winters,33445,19560.264608782505,10659.306504158252,35893.887788697466
2024-07-01,oceania_arrivals,Holt-Winters,35464,24664.48660377782,13440.83670316652,45260.34449065345
2024-08-01,oceania_arrivals,Holt-Winters,37550,21394.001482385287,11658.595817194064,39258.870159413564
2024-09-01,oceania_arrivals,Holt-Winters,44719,22184.971649021925,12089.632595604488,40710.33285551203
2024-10-01,oceania_arrivals,Holt-Winters,45030,19338.50983087013,10538.46191469047,35486.958676326445
2024-11-01,oceania_arrivals,Holt-Winters,50388,20721.607172188582,11292.176589878463,38024.99902307308
2024-12-01,oceania_arrivals,Holt-Winters,55574,23388.58433706469,12745.537656744671,42919.01150223452
2025-01-01,oceania_arrivals,Holt-Winters,52408,22693.698181781998,12366.861567090515,41643.86690769578
2025-02-01,oceania_arrivals,Holt-Winters,49242,21713.407139238083,11832.65495512757,39844.99263962796
2025-03-01,oceania_arrivals,Holt-Winters,46383,18147.469513790667,9889.40812873813,33301.35084595641
2025-04-01,oceania_arrivals,Holt-Winters,47074,23851.51923980116,12997.812619197128,43768.516035257744
2025-05-01,oceania_arrivals,Holt-Winters,47744,19888.127134131864,10837.974186770125,36495.5289694474
2025-06-01,oceania_arrivals,Holt-Winters,48435,19190.758434906827,10457.945242370864,35215.82880495706
2025-07-01,oceania_arrivals,Holt-Winters,49104,24187.65567528822,13180.989143888059,44385.340180450956
2025-08-01,oceania_arrivals,Holt-Winters,49795,20986.094912031207,11436.308376536852,38510.34487320718
2025-09-01,oceania_arrivals,Holt-Winters,50487,21760.391174919132,11858.25876198516,39931.21027207444
2025-10-01,oceania_arrivals,Holt-Winters,51156,18973.377600990567,10339.484220335275,34816.926059208905
2025-11-01,oceania_arrivals,Holt-Winters,54412,20327.585618249755,11077.455746542179,37301.95331145942
2025-12-01,oceania_arrivals,Holt-Winters,57563,22938.413346522724,12500.218349289453,42092.92927157875
2023-01-01,oceania_arrivals,SARIMA,27109,20380.02058101147,11393.011056322377,36456.14287822196
2023-02-01,oceania_arrivals,SARIMA,29678,16140.428743491171,7290.729610256546,35732.14944869545
2023-03-01,oceania_arrivals,SARIMA,29755,15365.245151428959,5994.091024281017,39387.249477385085
2023-04-01,oceania_arrivals,SARIMA,29841,21143.13918304629,7383.226199573335,60547.018665024865
2023-05-01,oceania_arrivals,SARIMA,29924,21057.681560512716,6737.9145071130715,65810.56382295175
2023-06-01,oceania_arrivals,SARIMA,30204,21466.778214300386,6399.767712557802,72006.13953499013
2023-07-01,oceania_arrivals,SARIMA,40417,24037.531772044924,6761.199543872174,85458.64235226497
2023-08-01,oceania_arrivals,SARIMA,33645,22341.828710616843,5987.402473941449,83367.9232867659
2023-09-01,oceania_arrivals,SARIMA,34759,22145.358478530365,5698.728482854758,86057.25007220278
2023-10-01,oceania_arrivals,SARIMA,40384,21777.793693835705,5415.456344989301,87577.53141341353
2023-11-01,oceania_arrivals,SARIMA,36582,20346.40789472067,4914.6795316214475,84232.61609527015
2023-12-01,oceania_arrivals,SARIMA,40024,20002.04140109395,4713.504493502429,84879.87245214032
2024-01-01,oceania_arrivals,SARIMA,39040,16846.512863532782,3718.5341810559175,76321.73911618744
2024-02-01,oceania_arrivals,SARIMA,38056,13517.330945843916,2825.381223612169,64670.29453316375
2024-03-01,oceania_arrivals,SARIMA,38182,13025.578529108661,2600.7091005167613,65238.2444404351
2024-04-01,oceania_arrivals,SARIMA,52809,18127.857329652517,3482.022011845902,94375.97184804347
2024-05-01,oceania_arrivals,SARIMA,36666,18246.0853713148,3391.4426966817014,98164.60461002258
2024-06-01,oceania_arrivals,SARIMA,33445,18784.254217172074,3395.083505916504,103929.16871719048
2024-07-01,oceania_arrivals,SARIMA,35464,21227.176932018574,3745.930060382549,120288.69552818216
2024-08-01,oceania_arrivals,SARIMA,37550,19898.657496184333,3440.2718595041824,115094.55831421383
2024-09-01,oceania_arrivals,SARIMA,44719,19880.924028787227,3377.2945973407955,117031.88124293958
2024-10-01,oceania_arrivals,SARIMA,45030,19696.09062486004,3295.7028599317428,117709.63657528705
2024-11-01,oceania_arrivals,SARIMA,50388,18528.741950110303,3060.297208091768,112183.3125704314
2024-12-01,oceania_arrivals,SARIMA,55574,18332.401998447007,2994.1110462659108,112245.99149447058
2025-01-01,oceania_arrivals,SARIMA,52408,15532.83872419502,2439.1955150963277,98913.38244049063
2025-02-01,oceania_arrivals,SARIMA,49242,12532.841052410866,1903.4768182944215,82518.52785143815
2025-03-01,oceania_arrivals,SARIMA,46383,12139.689718260935,1791.9790199371064,82239.83920348724
2025-04-01,oceania_arrivals,SARIMA,47074,16976.751765881625,2445.6439261572978,117846.30519505477
2025-05-01,oceania_arrivals,SARIMA,47744,17164.515644303014,2421.5437990016712,121666.43338228532
2025-06-01,oceania_arrivals,SARIMA,48435,17744.982040560808,2458.8868163805905,128059.73236430876
2025-07-01,oceania_arrivals,SARIMA,49104,20131.160918116002,2746.7787664479765,147541.42010321107
2025-08-01,oceania_arrivals,SARIMA,49795,18939.96204232226,2550.093707818531,140670.1883404418
2025-09-01,oceania_arrivals,SARIMA,50487,18987.26375663774,2527.3051983275395,142648.45623025787
2025-10-01,oceania_arrivals,SARIMA,51156,18870.156763040413,2486.976687649154,143178.9924007336
2025-11-01,oceania_arrivals,SARIMA,54412,17803.98191963223,2326.4866582014834,136249.1252967845
2025-12-01,oceania_arrivals,SARIMA,57563,17663.58457210331,2291.1514203020083,136177.04057932558
2023-01-01,oceania_arrivals,SARIMA-GARCH,27109,20380.02058101147,12300.409611329898,33766.781107832125
2023-02-01,oceania_arrivals,SARIMA-GARCH,29678,16140.428743491171,9813.856370154172,26545.471035829258
2023-03-01,oceania_arrivals,SARIMA-GARCH,29755,15365.245151428959,9406.35738279248,25099.06321392846
2023-04-01,oceania_arrivals,SARIMA-GARCH,29841,21143.13918304629,13024.880239519904,34321.41611231774
2023-05-01,oceania_arrivals,SARIMA-GARCH,29924,21057.681560512716,13047.234448528201,33986.20255145167
2023-06-01,oceania_arrivals,SARIMA-GARCH,30204,21466.778214300386,13371.35286457947,34463.421283471944
2023-07-01,oceania_arrivals,SARIMA-GARCH,40417,24037.531772044924,15045.636991197207,38403.35467551995
2023-08-01,oceania_arrivals,SARIMA-GARCH,33645,22341.828710616843,14046.794225951615,35535.318742859075
2023-09-01,oceania_arrivals,SARIMA-GARCH,34759,22145.358478530365,13980.338088948092,35079.044513974026
2023-10-01,oceania_arrivals,SARIMA-GARCH,40384,21777.793693835705,13799.910173423264,34367.78154430697
2023-11-01,oceania_arrivals,SARIMA-GARCH,36582,20346.40789472067,12937.192555358406,31998.929632294003
2023-12-01,oceania_arrivals,SARIMA-GARCH,40024,20002.04140109395,12758.211885660276,31358.756524552813
2024-01-01,oceania_arrivals,SARIMA-GARCH,39040,16846.512863532782,10776.358788609348,26335.889629172183
2024-02-01,oceania_arrivals,SARIMA-GARCH,38056,13517.330945843916,8669.463533958458,21076.071798878747
2024-03-01,oceania_arrivals,SARIMA-GARCH,38182,13025.578529108661,8374.116236293616,20260.72856293079
2024-04-01,oceania_arrivals,SARIMA-GARCH,52809,18127.857329652517,11679.887118761295,28135.478367456013
2024-05-01,oceania_arrivals,SARIMA-GARCH,36666,18246.0853713148,11779.560790297477,28262.48255805304
2024-06-01,oceania_arrivals,SARIMA-GARCH,33445,18784.254217172074,12149.111737048011,29043.127936617515
2024-07-01,oceania_arrivals,SARIMA-GARCH,35464,21227.176932018574,13751.951668791611,32765.752189617408
2024-08-01,oceania_arrivals,SARIMA-GARCH,37550,19898.657496184333,12910.8152082192,30668.595573917108
2024-09-01,oceania_arrivals,SARIMA-GARCH,44719,19880.924028787227,12917.127628268981,30598.99627943653
2024-10-01,oceania_arrivals,SARIMA-GARCH,45030,19696.09062486004,12813.141742142006,30276.414146484527
2024-11-01,oceania_arrivals,SARIMA-GARCH,50388,18528.741950110303,12067.548723271184,28449.379913563273
2024-12-01,oceania_arrivals,SARIMA-GARCH,55574,18332.401998447007,11952.137477952514,28118.565708653157
2025-01-01,oceania_arrivals,SARIMA-GARCH,52408,15532.83872419502,10136.535574177298,23801.926907501067
2025-02-01,oceania_arrivals,SARIMA-GARCH,49242,12532.841052410866,8185.849205269419,19188.248024882276
2025-03-01,oceania_arrivals,SARIMA-GARCH,46383,12139.689718260935,7935.3032761284285,18571.699319796124
2025-04-01,oceania_arrivals,SARIMA-GARCH,47074,16976.751765881625,11105.075097601997,25953.007790339056
2025-05-01,oceania_arrivals,SARIMA-GARCH,47744,17164.515644303014,11235.214384472736,26222.961771935017
2025-06-01,oceania_arrivals,SARIMA-GARCH,48435,17744.982040560808,11622.049723034837,27093.70507989882
2025-07-01,oceania_arrivals,SARIMA-GARCH,49104,20131.160918116002,13191.98235343701,30720.450426125277
2025-08-01,oceania_arrivals,SARIMA-GARCH,49795,18939.96204232226,12417.472995365817,28888.49947960286
2025-09-01,oceania_arrivals,SARIMA-GARCH,50487,18987.26375663774,12454.03502158482,28947.741381752778
2025-10-01,oceania_arrivals,SARIMA-GARCH,51156,18870.156763040413,12382.240064414025,28757.54422538496
2025-11-01,oceania_arrivals,SARIMA-GARCH,54412,17803.98191963223,11686.941799832926,27122.730447679893
2025-12-01,oceania_arrivals,SARIMA-GARCH,57563,17663.58457210331,11598.666374221546,26899.835711222993
2023-01-01,other_markets_arrivals,Holt-Winters,1871,1583.8968889082741,726.2014089598383,3454.591692801372
2023-02-01,other_markets_arrivals,Holt-Winters,2035,1181.2319257809784,541.5834167094996,2576.3507881421524
2023-03-01,other_markets_arrivals,Holt-Winters,2075,1062.570791525647,487.17843398086404,2317.5424202947956
2023-04-01,other_markets_arrivals,Holt-Winters,2119,1209.4205968097356,554.5076498216048,2637.8322832123117
2023-05-01,other_markets_arrivals,Holt-Winters,2161,1160.6311317292525,532.1381518246329,2531.418992079811
2023-06-01,other_markets_arrivals,Holt-Winters,1904,942.6942076682074,432.2161793617716,2056.0830704751493
2023-07-01,other_markets_arrivals,Holt-Winters,2326,1098.2693552395456,503.54588027640193,2395.403525089299
2023-08-01,other_markets_arrivals,Holt-Winters,2803,1070.8729250556949,490.9848819315567,2335.649963611709
2023-09-01,other_markets_arrivals,Holt-Winters,2882,1085.3118143682184,497.60497307258873,2367.1422074702746
2023-10-01,other_markets_arrivals,Holt-Winters,2828,1209.450857060558,554.5215238540223,2637.898282970153
2023-11-01,other_markets_arrivals,Holt-Winters,3101,1079.1404878019766,494.7754795121556,2353.682105592053
2023-12-01,other_markets_arrivals,Holt-Winters,3809,1093.8594144421447,501.5239650602483,2385.7851307663277
2024-01-01,other_markets_arrivals,Holt-Winters,3931,1038.0053208465201,475.915403196556,2263.96338271214
2024-02-01,other_markets_arrivals,Holt-Winters,4053,785.721218100642,360.2455814075221,1713.7138231132953
2024-03-01,other_markets_arrivals,Holt-Winters,3896,709.7400177816362,325.40893571895475,1547.9934247279969
2024-04-01,other_markets_arrivals,Holt-Winters,4084,800.1977151085583,366.88291531326513,1745.2880920285418
2024-05-01,other_markets_arrivals,Holt-Winters,4417,768.2202999266309,352.2215796400726,1675.5430766690572
2024-06-01,other_markets_arrivals,Holt-Winters,3667,630.3655788971753,289.0165229571476,1374.8721318513942
2024-07-01,other_markets_arrivals,Holt-Winters,4337,726.361878166853,333.02989798979934,1584.2468836543874
2024-08-01,other_markets_arrivals,Holt-Winters,5030,707.8564780263425,324.5453509529862,1543.8852906459963
2024-09-01,other_markets_arrivals,Holt-Winters,4663,715.3545666292268,327.9831520788369,1560.2391548279422
2024-10-01,other_markets_arrivals,Holt-Winters,4023,790.3724386460585,362.37812105522136,1723.8584657160459
2024-11-01,other_markets_arrivals,Holt-Winters,3956,708.5597660311806,324.86780170315467,1545.4192117719067
2024-12-01,other_markets_arrivals,Holt-Winters,3891,716.113826789154,328.3312655209223,1561.895155202416
2025-01-01,other_markets_arrivals,Holt-Winters,3641,680.2558005201588,311.8907071857065,1483.686251241182
2025-02-01,other_markets_arrivals,Holt-Winters,3392,522.6389662346675,239.62491265358415,1139.9127327872027
2025-03-01,other_markets_arrivals,Holt-Winters,3166,474.06807796534406,217.35563001112283,1033.9761732155491
2025-04-01,other_markets_arrivals,Holt-Winters,3453,529.4406139220823,242.74340235353782,1154.7476098318193
2025-05-01,other_markets_arrivals,Holt-Winters,3731,508.484059306651,233.13502469003996,1109.0398746937651
2025-06-01,other_markets_arrivals,Holt-Winters,4018,421.5160757604095,193.2610451223371,919.3565211860664
2025-07-01,other_markets_arrivals,Holt-Winters,4296,480.39360794055983,220.255824343587,1047.772603689005
2025-08-01,other_markets_arrivals,Holt-Winters,4583,467.8993947463916,214.52734839986346,1020.5218366656459
2025-09-01,other_markets_arrivals,Holt-Winters,4870,471.50703532622873,216.18141672365707,1028.390357189295
2025-10-01,other_markets_arrivals,Holt-Winters,5148,516.5059730409861,236.81299457382684,1126.5362387191433
2025-11-01,other_markets_arrivals,Holt-Winters,5092,465.23779592476023,213.30703107498584,1014.7167004581272
2025-12-01,other_markets_arrivals,Holt-Winters,5037,468.8161989995192,214.9476942853968,1022.5214519050967
2023-01-01,other_markets_arrivals,SARIMA,1871,1632.088840556515,710.4615526420965,3749.2725307417013
2023-02-01,other_markets_arrivals,SARIMA,2035,1584.3813586681965,540.6356951236367,4643.1715706844225
2023-03-01,other_markets_arrivals,SARIMA,2075,1649.10162072009,461.75619110485377,5889.549956990363
2023-04-01,other_markets_arrivals,SARIMA,2119,1696.763924920699,400.46124168504866,7189.22961133041
2023-05-01,other_markets_arrivals,SARIMA,2161,1728.3217704645851,350.1371971291527,8531.21623967307
2023-06-01,other_markets_arrivals,SARIMA,1904,1753.4461756818614,309.0248066280618,9949.277291236564
2023-07-01,other_markets_arrivals,SARIMA,2326,1773.2136764541006,274.6995527839856,11446.275432550225
2023-08-01,other_markets_arrivals,SARIMA,2803,1790.573348016816,245.87520535669248,13039.756936763779
2023-09-01,other_markets_arrivals,SARIMA,2882,1805.856097094518,221.32754007335194,14734.344593233402
2023-10-01,other_markets_arrivals,SARIMA,2828,1819.0796872054877,200.15820222228652,16532.17740599376
2023-11-01,other_markets_arrivals,SARIMA,3101,1831.6056850983891,181.84731807257765,18448.33028742169
2023-12-01,other_markets_arrivals,SARIMA,3809,1843.0004386978492,165.82797042637284,20482.977680466545
2024-01-01,other_markets_arrivals,SARIMA,3931,1840.4236199427758,148.71160868896774,22776.695986979455
2024-02-01,other_markets_arrivals,SARIMA,4053,1840.4236199427758,134.4495790080337,25192.783241373203
2024-03-01,other_markets_arrivals,SARIMA,3896,1840.4236199427758,122.01118868565294,27761.053206111068
2024-04-01,other_markets_arrivals,SARIMA,4084,1840.4236199427758,111.09559890862218,30488.688427966088
2024-05-01,other_markets_arrivals,SARIMA,4417,1840.4236199427758,101.46346116659349,33383.04313591149
2024-06-01,other_markets_arrivals,SARIMA,3667,1840.4236199427758,92.9219321560404,36451.66455595581
2024-07-01,other_markets_arrivals,SARIMA,4337,1840.4236199427758,85.31390460122122,39702.31015302502
2024-08-01,other_markets_arrivals,SARIMA,5030,1840.4236199427758,78.51011921837646,43142.96213742669
2024-09-01,other_markets_arrivals,SARIMA,4663,1840.4236199427758,72.40328924804714,46781.840107279786
2024-10-01,other_markets_arrivals,SARIMA,4023,1840.4236199427758,66.9036583082509,50627.41240900946
2024-11-01,other_markets_arrivals,SARIMA,3956,1840.4236199427758,61.93559678517427,54688.40661359489
2024-12-01,other_markets_arrivals,SARIMA,3891,1840.4236199427758,57.43496243107425,58973.819385850315
2025-01-01,other_markets_arrivals,SARIMA,3641,1840.4236199427758,53.3470311928265,63492.925943716546
2025-02-01,other_markets_arrivals,SARIMA,3392,1840.4236199427758,49.62485893861968,68255.28924994626
2025-03-01,other_markets_arrivals,SARIMA,3166,1840.4236199427758,46.22797256238662,73270.76904080433
2025-04-01,other_markets_arrivals,SARIMA,3453,1840.4236199427758,43.12131552722524,78549.53076987508
2025-05-01,other_markets_arrivals,SARIMA,3731,1840.4236199427758,40.27439186743765,84102.05452616232
2025-06-01,other_markets_arrivals,SARIMA,4018,1840.4236199427758,37.660566370267134,89939.14397201997
2025-07-01,other_markets_arrivals,SARIMA,4296,1840.4236199427758,35.25648868194649,96071.9353364791
2025-08-01,other_markets_arrivals,SARIMA,4583,1840.4236199427758,33.041616498485865,102511.90649218047
2025-09-01,other_markets_arrivals,SARIMA,4870,1840.4236199427758,30.997818545610386,109270.88613862888
2025-10-01,other_markets_arrivals,SARIMA,5148,1840.4236199427758,29.10904223718552,116361.06311035973
2025-11-01,other_markets_arrivals,SARIMA,5092,1840.4236199427758,27.361034089119514,123794.99582547652
2025-12-01,other_markets_arrivals,SARIMA,5037,1840.4236199427758,25.74110341429148,131585.6218876273
2023-01-01,other_markets_arrivals,SARIMA-GARCH,1871,1632.088840556515,709.2082030652725,3755.898439916878
2023-02-01,other_markets_arrivals,SARIMA-GARCH,2035,1584.3813586681965,688.477384581613,3646.1100188799423
2023-03-01,other_markets_arrivals,SARIMA-GARCH,2075,1649.10162072009,716.6009398753836,3795.049663114524
2023-04-01,other_markets_arrivals,SARIMA-GARCH,2119,1696.763924920699,737.3121268378152,3904.7341175029687
2023-05-01,other_markets_arrivals,SARIMA-GARCH,2161,1728.3217704645851,751.0252791948641,3977.357653612075
2023-06-01,other_markets_arrivals,SARIMA-GARCH,1904,1753.4461756818614,761.942843137739,4035.1760223273654
2023-07-01,other_markets_arrivals,SARIMA-GARCH,2326,1773.2136764541006,770.5326167783644,4080.666637462135
2023-08-01,other_markets_arrivals,SARIMA-GARCH,2803,1790.573348016816,778.0760918447086,4120.616155968517
2023-09-01,other_markets_arrivals,SARIMA-GARCH,2882,1805.856097094518,784.7170606093738,4155.786087893916
2023-10-01,other_markets_arrivals,SARIMA-GARCH,2828,1819.0796872054877,790.4632420350581,4186.2173121224705
2023-11-01,other_markets_arrivals,SARIMA-GARCH,3101,1831.6056850983891,795.9062916022586,4215.043179180237
2023-12-01,other_markets_arrivals,SARIMA-GARCH,3809,1843.0004386978492,800.857770053572,4241.265732881947
2024-01-01,other_markets_arrivals,SARIMA-GARCH,3931,1840.4236199427758,799.7380387292114,4235.335743471059
2024-02-01,other_markets_arrivals,SARIMA-GARCH,4053,1840.4236199427758,799.7380387292114,4235.335743471059
2024-03-01,other_markets_arrivals,SARIMA-GARCH,3896,1840.4236199427758,799.7380387292114,4235.335743471059
2024-04-01,other_markets_arrivals,SARIMA-GARCH,4084,1840.4236199427758,799.7380387292114,4235.335743471059
2024-05-01,other_markets_arrivals,SARIMA-GARCH,4417,1840.4236199427758,799.7380387292114,4235.335743471059
2024-06-01,other_markets_arrivals,SARIMA-GARCH,3667,1840.4236199427758,799.7380387292114,4235.335743471059
2024-07-01,other_markets_arrivals,SARIMA-GARCH,4337,1840.4236199427758,799.7380387292114,4235.335743471059
2024-08-01,other_markets_arrivals,SARIMA-GARCH,5030,1840.4236199427758,799.7380387292114,4235.335743471059
2024-09-01,other_markets_arrivals,SARIMA-GARCH,4663,1840.4236199427758,799.7380387292114,4235.335743471059
2024-10-01,other_markets_arrivals,SARIMA-GARCH,4023,1840.4236199427758,799.7380387292114,4235.335743471059
2024-11-01,other_markets_arrivals,SARIMA-GARCH,3956,1840.4236199427758,799.7380387292114,4235.335743471059
2024-12-01,other_markets_arrivals,SARIMA-GARCH,3891,1840.4236199427758,799.7380387292114,4235.335743471059
2025-01-01,other_markets_arrivals,SARIMA-GARCH,3641,1840.4236199427758,799.7380387292114,4235.335743471059
2025-02-01,other_markets_arrivals,SARIMA-GARCH,3392,1840.4236199427758,799.7380387292114,4235.335743471059
2025-03-01,other_markets_arrivals,SARIMA-GARCH,3166,1840.4236199427758,799.7380387292114,4235.335743471059
2025-04-01,other_markets_arrivals,SARIMA-GARCH,3453,1840.4236199427758,799.7380387292114,4235.335743471059
2025-05-01,other_markets_arrivals,SARIMA-GARCH,3731,1840.4236199427758,799.7380387292114,4235.335743471059
2025-06-01,other_markets_arrivals,SARIMA-GARCH,4018,1840.4236199427758,799.7380387292114,4235.335743471059
2025-07-01,other_markets_arrivals,SARIMA-GARCH,4296,1840.4236199427758,799.7380387292114,4235.335743471059
2025-08-01,other_markets_arrivals,SARIMA-GARCH,4583,1840.4236199427758,799.7380387292114,4235.335743471059
2025-09-01,other_markets_arrivals,SARIMA-GARCH,4870,1840.4236199427758,799.7380387292114,4235.335743471059
2025-10-01,other_markets_arrivals,SARIMA-GARCH,5148,1840.4236199427758,799.7380387292114,4235.335743471059
2025-11-01,other_markets_arrivals,SARIMA-GARCH,5092,1840.4236199427758,799.7380387292114,4235.335743471059
2025-12-01,other_markets_arrivals,SARIMA-GARCH,5037,1840.4236199427758,799.7380387292114,4235.335743471059
