date,year,month,period,url,international_arrivals,asia_arrivals,europe_arrivals,americas_arrivals,oceania_arrivals,other_markets_arrivals,international_matched_label,asia_matched_label,europe_matched_label,americas_matched_label,oceania_matched_label,other_markets_matched_label,log_international_arrivals,international_arrivals_mom_growth_pct,international_arrivals_yoy_growth_pct,log_asia_arrivals,asia_arrivals_mom_growth_pct,asia_arrivals_yoy_growth_pct,log_europe_arrivals,europe_arrivals_mom_growth_pct,europe_arrivals_yoy_growth_pct,log_americas_arrivals,americas_arrivals_mom_growth_pct,americas_arrivals_yoy_growth_pct,log_oceania_arrivals,oceania_arrivals_mom_growth_pct,oceania_arrivals_yoy_growth_pct,log_other_markets_arrivals,other_markets_arrivals_mom_growth_pct,other_markets_arrivals_yoy_growth_pct
2012-01-01,2012,1,t1,https://vietnamtourism.gov.vn/statistic/international?year=2012&period=t1,593408,358586.0,20863.0,43402.0,28591.0,141966.0,Tổng số,Châu Á,Châu Âu,Châu Mỹ,Châu Úc,Các thị trường khác,13.29363746837926,,,12.789923798677174,,,9.945732534129874,,,10.678260801976018,,,10.260847261969445,,,11.863342871294156,,
2012-02-01,2012,2,t2,https://vietnamtourism.gov.vn/statistic/international?year=2012&period=t2,681849,376639.0,42793.0,48585.0,29527.0,184305.0,Tổng số,Châu Á,Châu Âu,Châu Mỹ,Châu Úc,Các thị trường khác,13.432563504686678,14.90391096850734,,12.839042447995299,5.034496606114014,,10.66412981679203,105.1143172122897,,10.79107012027354,11.941845997880286,,10.293060377975431,3.273757476128858,,12.124347272969782,29.823337982333808,
2012-03-01,2012,3,t3,https://vietnamtourism.gov.vn/statistic/international?year=2012&period=t3,561877,300401.0,41389.0,36875.0,23212.0,160000.0,Tổng số,Châu Á,Châu Âu,Châu Mỹ,Châu Úc,Các thị trường khác,13.239038243712255,-17.595098034902158,,12.612873527761383,-20.241663768223685,,10.630770424025688,-3.2809104292758184,,10.51528909364212,-24.102089122157043,,10.052424665310498,-21.387204931080028,,11.982929094215963,-13.187379615311578,
2012-04-01,2012,4,t4,https://vietnamtourism.gov.vn/statistic/international?year=2012&period=t4,620000,333001.0,42408.0,42600.0,27597.0,174394.0,Tổng số,Châu Á,Châu Âu,Châu Mỹ,Châu Úc,Các thị trường khác,13.337474757021274,10.344434814025139,,12.715900771961074,10.85216094487036,,10.655092302667642,2.462006813404538,,10.659609532257463,15.525423728813559,,10.225462350145268,18.891090815095634,,12.069072386195472,8.996249999999995,
2012-05-01,2012,5,t5,https://vietnamtourism.gov.vn/statistic/international?year=2012&period=t5,615523,281506.0,28485.0,31197.0,19164.0,96397.0,Tổng số,Châu Á,Châu Âu,Châu Mỹ,Châu Úc,Các thị trường khác,13.33022759190198,-0.722096774193548,,12.547909040721946,-15.463917525773196,,10.257132911914496,-32.83106960950764,,10.348077215328342,-26.767605633802816,,9.860788798003012,-30.55766931188173,,11.47623035978244,-44.72458914870925,
2012-06-01,2012,6,t6,https://vietnamtourism.gov.vn/statistic/international?year=2012&period=t6,417429,259845.0,9551.0,36298.0,19364.0,92371.0,Tổng số,Châu Á,Châu Âu,Châu Mỹ,Châu Úc,Các thị trường khác,12.941869748930987,-32.183037839365866,,12.467840578381152,-7.694685015594693,,9.164401140034737,-66.4700719677023,,10.499517922316345,16.35093117928006,,9.871170951059584,1.0436234606553851,,11.43356835555382,-4.176478521115801,
2012-07-01,2012,7,t7,https://vietnamtourism.gov.vn/statistic/international?year=2012&period=t7,466000,278142.0,15584.0,34370.0,20643.0,117261.0,Tổng số,Châu Á,Châu Âu,Châu Mỹ,Châu Úc,Các thị trường khác,13.051940913107783,11.635751229550406,,12.535887053630177,7.041505512901924,,9.654000025882317,63.1661606114543,,10.44493936984388,-5.311587415284591,,9.935131557870589,6.605040280933694,,11.672157498539152,26.945686416732517,
2012-08-01,2012,8,t8,https://vietnamtourism.gov.vn/statistic/international?year=2012&period=t8,525292,324759.0,20993.0,30601.0,19860.0,129079.0,Tổng số,Châu Á,Châu Âu,Châu Mỹ,Châu Úc,Các thị trường khác,13.171709577433356,12.7236051502146,,12.690838647774697,16.760144099057307,,9.951944327804322,34.708675564681734,,10.328787967145063,-10.965958684899624,,9.896462937599164,-3.793053335271035,,11.768179899002329,10.078372178303097,
2012-09-01,2012,9,t9,https://vietnamtourism.gov.vn/statistic/international?year=2012&period=t9,460238,289681.0,10470.0,28913.0,22191.0,108983.0,Tổng số,Châu Á,Châu Âu,Châu Mỹ,Châu Úc,Các thị trường khác,13.039499025968894,-12.384350037693325,,12.576535596518625,-10.801240304348758,,9.256269303864583,-50.126232553708384,,10.272046599948313,-5.5161596026273685,,10.007442080255977,11.737160120845914,,11.598947185744988,-15.568760216611533,
2012-11-01,2012,11,t11,https://vietnamtourism.gov.vn/statistic/international?year=2012&period=t11,655701,393302.0,21840.0,36673.0,24224.0,179662.0,Tổng số,Châu Á,Châu Âu,Châu Mỹ,Châu Úc,Các thị trường khác,13.39346017133824,42.469982921879556,,12.882333043583682,35.770727110166,,9.991498429858842,108.59598853868194,,10.509796068463533,26.839138103967073,,10.095099156237175,9.161371727276823,,12.09883258685972,64.8532339906224,
2012-12-01,2012,12,t12,https://vietnamtourism.gov.vn/statistic/international?year=2012&period=t12,614673,425835.0,74410.0,45523.0,30553.0,38352.0,Tổng số,Châu Á,Châu Âu,Châu Mỹ,Châu Úc,Các thị trường khác,13.32884569806512,-6.257120242305558,,12.961807226278552,8.271760631779145,,11.217345620391306,240.7051282051282,,10.725972971725227,24.132195348076245,,10.327218159451137,26.126981505944524,,10.554561956674165,-78.65324887844953,
2013-01-01,2013,1,t1,https://vietnamtourism.gov.vn/statistic/international?year=2013&period=t1,614673,425835.0,74410.0,45523.0,30553.0,38352.0,Tổng số,Châu Á,Châu Âu,Châu Mỹ,Châu Úc,Các thị trường khác,13.32884569806512,0.0,,12.961807226278552,0.0,,11.217345620391306,0.0,,10.725972971725227,0.0,,10.327218159451137,0.0,,10.554561956674165,0.0,
2013-02-01,2013,2,t2,https://vietnamtourism.gov.vn/statistic/international?year=2013&period=t2,570476,377951.0,86518.0,55176.0,24780.0,26051.0,Tổng số,Châu Á,Châu Âu,Châu Mỹ,Châu Úc,Các thị trường khác,13.254226379038283,-7.190327214632819,-3.8644575064710973,12.842519836569448,-11.244730940387704,5.400378151963547,11.368107763757282,16.27200645074587,314.69587307673874,10.918283355111127,21.204665773345344,27.12778212985576,10.117792155183134,-18.8950348574608,-13.329369381973343,10.167811434160654,-32.07394659991656,-81.64983164983165
2013-03-01,2013,3,t3,https://vietnamtourism.gov.vn/statistic/international?year=2013&period=t3,587366,393438.0,101686.0,47495.0,24739.0,20008.0,Tổng số,Châu Á,Châu Âu,Châu Mỹ,Châu Úc,Các thị trường khác,13.283403413878704,2.960685462666257,-13.856880335675491,12.882678774069877,4.097621120198114,4.460239114908449,11.529644912776996,17.531611918907043,137.6229757203281,10.768379721324283,-13.920907641003332,-2.243490789338276,10.116136224757685,-0.1654560129136451,-16.215667016628842,9.903887472557455,-23.196806264634752,-89.14408182089471
2013-04-01,2013,4,t4,https://vietnamtourism.gov.vn/statistic/international?year=2013&period=t4,613919,402606.0,99575.0,46521.0,34003.0,31214.0,Tổng số,Châu Á,Châu Âu,Châu Mỹ,Châu Úc,Các thị trường khác,13.327618276602726,4.520690676681993,9.262169478373373,12.905713695206435,2.3302273801717233,34.02285611565874,11.508666408049844,-2.0759986625494165,140.58324675638457,10.747659102532259,-2.0507421833877215,26.1586440677966,10.434204034999912,37.446946117466354,46.48888505945201,10.3486219911025,56.00759696121551,-80.49125000000001
2013-05-01,2013,5,t5,https://vietnamtourism.gov.vn/statistic/international?year=2013&period=t5,558751,387869.0,72500.0,36441.0,23873.0,38068.0,Tổng số,Châu Á,Châu Âu,Châu Mỹ,Châu Úc,Các thị trường khác,13.233459214617486,-8.98620176277326,-9.878870967741937,12.868422932729974,-3.660402477856761,16.476827396914718,11.191341840842766,-27.190559879487818,70.95830975287683,10.50344979336838,-21.667633971754697,-14.457746478873235,10.080503392206552,-29.79148898626591,-13.49422038627387,10.547129313192235,21.95809572627667,-78.1712673601156
2013-06-01,2013,6,t6,https://vietnamtourism.gov.vn/statistic/international?year=2013&period=t6,567291,391279.0,56341.0,44868.0,22772.0,52031.0,Tổng số,Châu Á,Châu Âu,Châu Mỹ,Châu Úc,Các thị trường khác,13.24862767856692,1.5284088977022048,-7.835937893466205,12.877176139495395,0.8791628101240345,38.99490597003261,10.939177790651616,-22.288275862068964,97.79182025627524,10.711480124765114,23.125051453033674,43.82152130012502,10.033286990070973,-4.611904662170652,18.826967230223346,10.859594973780608,36.67910055689818,-46.02425386682158
2013-07-01,2013,7,t7,https://vietnamtourism.gov.vn/statistic/international?year=2013&period=t7,2031519,1473651.0,360968.0,111295.0,80044.0,127109.0,Tổng số,Châu Á,Châu Âu,Châu Mỹ,Châu Úc,Các thị trường khác thuộc châu Á,14.524294347061236,258.10880130303497,386.67414099164165,14.203253553004819,276.6240968720529,467.12694106101713,12.796544590726745,540.6844038976944,3679.373887551042,11.61993961262471,148.04983507176607,206.61468951457383,11.290331762461454,251.50184437027926,313.36500722991116,11.752800265056132,144.29474736214948,37.60704117093028
2013-08-01,2013,8,t8,https://vietnamtourism.gov.vn/statistic/international?year=2013&period=t8,676719,467948.0,95388.0,36817.0,24911.0,51655.0,Tổng số,Châu Á,Châu Âu,Châu Mỹ,Châu Úc,Các thị trường khác,13.425011399260763,-66.68901447635982,45.21866952789699,13.056112457615376,-68.24567010777993,68.24068281669075,11.465708063361113,-73.574388865495,512.0893223819302,10.513714974009698,-66.91944831304191,7.119581029967992,10.123064751970729,-68.878366898206,20.6752894443637,10.852342275283545,-59.36165023719799,-55.948695644758274
2013-09-01,2013,9,t9,https://vietnamtourism.gov.vn/statistic/international?year=2013&period=t9,614827,438156.0,64123.0,34882.0,27031.0,50635.0,Tổng số,Châu Á,Châu Âu,Châu Mỹ,Châu Úc,Các thị trường khác,13.329096206403152,-9.145893642708424,17.044805555767084,12.990330290330666,-6.366519356851619,34.91727711934081,11.06855839290286,-32.77665953788736,205.4494355261278,10.459726215828614,-5.255724257815686,13.989738897421656,10.204739634516608,8.510296656095706,36.107754279959714,10.832398315766385,-1.9746394347110674,-60.77208531209569
2013-10-01,2013,10,t10,https://vietnamtourism.gov.vn/statistic/international?year=2013&period=t10,628695,384494.0,78231.0,38799.0,2924.0,124247.0,Tổng số,Châu Á,Châu Âu,Châu Mỹ,Châu Úc,Các thị trường khác,13.351401521420806,2.255593849977311,36.60214932274171,12.859683463124677,-12.247236144204344,32.73014108622934,11.267421267417317,22.001465932660658,647.191977077364,10.566149752083353,11.229287311507363,34.192231868017856,7.980707820869669,-89.18279012985091,-86.82348699923392,11.730026798798168,145.37770316974425,14.005854124037697
2013-11-01,2013,11,t11,https://vietnamtourism.gov.vn/statistic/international?year=2013&period=t11,731034,485625.0,118248.0,47186.0,25879.0,54096.0,Tổng số,Châu Á,Châu Âu,Châu Mỹ,Châu Úc,Các thị trường khác,13.50221524927819,16.278004437763947,11.488925592610055,13.093192000104048,26.302361025139543,23.473819100843627,11.680539392891909,51.15235648272425,441.42857142857144,10.761852517406659,21.6165365086729,28.666866632127185,10.161187107991946,785.0547195622435,6.832067371202122,10.898515524947667,-56.460920585607695,-69.89012701628614
2013-12-01,2013,12,t12,https://vietnamtourism.gov.vn/statistic/international?year=2013&period=t12,722349,481986.0,99271.0,45474.0,31955.0,63663.0,Tổng số,Châu Á,Châu Âu,Châu Mỹ,Châu Úc,Các thị trường khác,13.490263680586112,-1.1880432373870486,17.517606922705255,13.08567034696775,-0.749343629343624,13.186093205114657,11.505608763069848,-16.04847439280157,33.41083187743583,10.724896013040084,-3.6281948035434275,-0.10763789732662898,10.372083942084382,23.478496077901,4.588747422511696,11.061358825079159,17.68522626441882,65.99655819774719
2014-01-01,2014,1,t1,https://vietnamtourism.gov.vn/statistic/international?year=2014&period=t1,722349,481986.0,99271.0,45474.0,31955.0,63663.0,Tổng số,Châu Á,Châu Âu,Châu Mỹ,Châu Úc,Các thị trường khác,13.490263680586112,0.0,17.517606922705255,13.08567034696775,0.0,13.186093205114657,11.505608763069848,0.0,33.41083187743583,10.724896013040084,0.0,-0.10763789732662898,10.372083942084382,0.0,4.588747422511696,11.061358825079159,0.0,65.99655819774719
2014-02-01,2014,2,t2,https://vietnamtourism.gov.vn/statistic/international?year=2014&period=t2,842026,549236.0,128059.0,64333.0,28885.0,71513.0,Tổng số,Châu Á,Châu Âu,Châu Mỹ,Châu Úc,Các thị trường khác,13.64356617160758,16.56775326054303,47.600600200534295,13.216283500618403,13.952687422456256,45.319366796224905,11.760246374202698,28.999405667314715,48.014286044522535,11.071827997858339,41.472049962616,16.595983761055532,10.271077708215365,-9.607260209669843,16.565778853914438,11.177634530336995,12.330553068501327,174.5115350658324
2014-03-01,2014,3,t3,https://vietnamtourism.gov.vn/statistic/international?year=2014&period=t3,709725,477069.0,123395.0,47949.0,24315.0,36997.0,Tổng số,Châu Á,Châu Âu,Châu Mỹ,Châu Úc,Các thị trường khác,13.472632850044542,-15.712222662958153,20.83181525658617,13.075416413497134,-13.139524721613293,21.256462263431587,11.723145870993948,-3.642071232791133,21.34905493381587,10.777893225036763,-25.46748946885735,0.9558900936940784,10.098848722837886,-15.821360567768739,-1.7138930433728161,10.518592107258032,-48.265350355879356,84.91103558576569
2014-04-01,2014,4,t4,https://vietnamtourism.gov.vn/statistic/international?year=2014&period=t4,745980,509839.0,106278.0,45192.0,35577.0,49094.0,Tổng số,Châu Á,Châu Âu,Châu Mỹ,Châu Úc,Các thị trường khác,13.522454069175039,5.108316601500573,21.511143978277268,13.141850268586598,6.869027331476163,26.634724768135598,11.573813581480652,-13.871712792252522,6.7316093396937005,10.718675359005099,-5.749859225427012,-2.856774359966463,10.479454640632905,46.3170882171499,4.629003323236192,10.801492106722966,32.69724572262616,57.28198885115654
2014-05-01,2014,5,t5,https://vietnamtourism.gov.vn/statistic/international?year=2014&period=t5,674204,479029.0,75890.0,38562.0,24935.0,55788.0,Tổng số,Châu Á,Châu Âu,Châu Mỹ,Châu Úc,Các thị trường khác,13.421288014722077,-9.621705675755388,20.66269232627771,13.079516417357906,-6.043084189322512,23.502780577978655,11.237040202397958,-28.592935508760043,4.675862068965508,10.56002261459934,-14.670738183749332,5.820367168848284,10.124027717980223,-29.912583972791406,4.448540191848527,10.929314071478585,13.635067421680859,46.54828202164547
2014-06-01,2014,6,t6,https://vietnamtourism.gov.vn/statistic/international?year=2014&period=t6,539776,395506.0,63250.0,46048.0,23052.0,11920.0,Tổng số,Châu Á,Châu Âu,Châu Mỹ,Châu Úc,Các thị trường khác,13.198909517666177,-19.93877224104277,-4.850244407191373,12.88792123674481,-17.435896365355752,1.080303312981279,11.054850406589766,-16.655685861114765,12.262828135815829,10.737439609687094,19.41289352212021,2.6299367032183385,10.045507812556558,-7.551634249047523,1.2295801861935685,9.385972940619341,-78.63339786333978,-77.09058061540236
2014-07-01,2014,7,t7,https://vietnamtourism.gov.vn/statistic/international?year=2014&period=t7,564736,367184.0,90299.0,46597.0,34566.0,26090.0,Tổng số,Châu Á,Châu Âu,Châu Mỹ,Châu Úc,Các thị trường khác,13.24411364429301,4.624140384159348,-72.20129371174968,12.813618363794394,-7.16095331044283,-75.08338134334385,11.410881665146636,42.76521739130435,-74.98420912657078,10.749291440359002,1.192234190410013,-58.13199155397817,10.450625818960438,49.94794377928162,-56.81625106191595,10.169307378130775,118.87583892617451,-79.47430945094368
2014-08-01,2014,8,t8,https://vietnamtourism.gov.vn/statistic/international?year=2014&period=t8,618588,431929.0,109642.0,39061.0,24787.0,13169.0,Tổng số,Châu Á,Châu Âu,Châu Mỹ,Châu Úc,Các thị trường khác,13.335194740402855,9.53578309156844,-8.590123818010131,12.97601650186715,17.63284892587913,-7.697222768341783,11.604975791768043,21.42105671159149,14.943179435568421,10.572879805741458,-16.172714981651183,6.0950104571257935,10.118074601167217,-28.290805994329695,-0.49777206856408407,9.48562086171022,-49.524722115753164,-74.50585616106864
2014-09-01,2014,9,t9,https://vietnamtourism.gov.vn/statistic/international?year=2014&period=t9,590881,428514.0,74398.0,35007.0,26926.0,26036.0,Tổng số,Châu Á,Châu Âu,Châu Mỹ,Châu Úc,Các thị trường khác,13.289369922475968,-4.479071692305703,-3.8947541340897507,12.968078688598268,-0.7906392022762998,-2.2005860926245457,11.217184338739433,-32.14461611426278,16.023891583363216,10.463303320474218,-10.378638539719919,0.3583510119832489,10.20084764153918,8.629523540565609,-0.3884428988938593,10.167235474692278,97.70673551522515,-48.5810210328824
2014-10-01,2014,10,t10,https://vietnamtourism.gov.vn/statistic/international?year=2014&period=t10,559002,402746.0,70059.0,36204.0,28213.0,21780.0,Tổng số,Châu Á,Châu Âu,Châu Mỹ,Châu Úc,Các thị trường khác,13.233908329948367,-5.395164170112087,-11.085343449526396,12.906061369270471,-6.013339120775518,4.747018158930949,11.157093023169736,-5.832146025430795,-10.44598688499444,10.496924888947062,3.4193161367726432,-6.688316709193531,10.24753814360942,4.779766768179461,864.8768809849521,9.988747396486952,-16.346597019511442,-82.47040169983984
2014-11-01,2014,11,t11,https://vietnamtourism.gov.vn/statistic/international?year=2014&period=t11,608617,407016.0,127581.0,40870.0,22293.0,10857.0,Tổng số,Châu Á,Châu Âu,Châu Mỹ,Châu Úc,Các thị trường khác,13.318944449015783,8.87563908536999,-16.745732756615972,12.916607775691347,1.0602215788611202,-16.187181467181468,11.756506735984384,82.10508285873334,7.892733915161365,10.618151576558324,12.888078665340853,-13.385326156063238,10.01202800682558,-20.983234679048667,-13.856795084817808,9.292565312231853,-50.15151515151515,-79.93012422360249
2014-12-01,2014,12,t12,https://vietnamtourism.gov.vn/statistic/international?year=2014&period=t12,657304,449085.0,101232.0,46107.0,31932.0,28948.0,Tổng số,Châu Á,Châu Âu,Châu Mỹ,Châu Úc,Các thị trường khác,13.395901899734444,7.999612235609588,-9.004650106804323,13.014967458384431,10.33595730880359,-6.826131879349195,11.525170191386666,-20.65276177487243,1.9754006708907923,10.738720061275421,12.813799853193043,1.3920042221928997,10.37136392076569,43.23778764634638,-0.07197621655452568,10.273256395986019,166.6298240766326,-54.52931844242339
2015-01-01,2015,1,t1,https://vietnamtourism.gov.vn/statistic/international?year=2015&period=t1,657304,449085.0,101232.0,46107.0,31932.0,28948.0,Tổng số,Châu Á,Châu Âu,Châu Mỹ,Châu Úc,Các thị trường khác,13.395901899734444,0.0,-9.004650106804323,13.014967458384431,0.0,-6.826131879349195,11.525170191386666,0.0,1.9754006708907923,10.738720061275421,0.0,1.3920042221928997,10.37136392076569,0.0,-0.07197621655452568,10.273256395986019,0.0,-54.52931844242339
2015-02-01,2015,2,t2,https://vietnamtourism.gov.vn/statistic/international?year=2015&period=t2,756000,457737.0,123901.0,71129.0,50040.0,53193.0,Tổng số,Châu Á,Châu Âu,Châu Mỹ,Châu Úc,Các thị trường khác,13.53579665516167,15.015274515292765,-10.216549132687113,13.034050062351936,1.9265840542436186,-16.659323132496773,11.727238138609684,22.393116801011548,-3.2469408631958685,11.172250408863095,54.26941679137658,10.563785304587082,10.820577964580847,56.708004509582864,73.23870521031677,10.881682087725098,83.7536271935885,-25.617719855131238
2015-03-01,2015,3,t3,https://vietnamtourism.gov.vn/statistic/international?year=2015&period=t3,617895,397454.0,106958.0,51456.0,22781.0,39246.0,Tổng số,Châu Á,Châu Âu,Châu Mỹ,Châu Úc,Các thị trường khác,13.33407381909207,-18.267857142857146,-12.93881432949382,12.89283448310963,-13.16978963902853,-16.688361641607397,11.580191513022097,-13.674627323427579,-13.320636978807897,10.848482352538639,-27.65819848444375,7.314021147469196,10.033682134193954,-54.474420463629095,-6.308862841867158,10.577604807189267,-26.219615362923697,6.078871259831886
2015-04-01,2015,4,t4,https://vietnamtourism.gov.vn/statistic/international?year=2015&period=t4,690440,461945.0,107528.0,48877.0,34238.0,37852.0,Tổng số,Châu Á,Châu Âu,Châu Mỹ,Châu Úc,Các thị trường khác,13.445084354500626,11.74066791283308,-7.445239818761895,13.043201115358098,16.22602867250047,-9.393945931951064,11.585506557750984,0.5329194637147205,1.1761606353149379,10.79706221716655,-5.012049129353235,8.154098070454951,10.441091417334723,50.29190992493744,-3.7636675380161355,10.541439097628123,-3.5519543392957265,-22.898928585977917
2015-05-01,2015,5,t5,https://vietnamtourism.gov.vn/statistic/international?year=2015&period=t5,2031519,1473651.0,360968.0,111295.0,80044.0,127109.0,Tổng số,Châu Á,Châu Âu,Châu Mỹ,Châu Úc,Các thị trường khác thuộc châu Á,14.524294347061236,194.23541509761893,201.3211134908722,14.203253553004819,219.01005530961476,207.63294080316638,12.796544590726745,235.69674875381295,375.64633021478454,11.61993961262471,127.70423716676555,188.61314247186348,11.290331762461454,133.78702026987557,221.0106276318428,11.752800265056132,235.8052414667653,127.84290528429052
2015-06-01,2015,6,t6,https://vietnamtourism.gov.vn/statistic/international?year=2015&period=t6,529445,374321.0,64570.0,46813.0,21445.0,22296.0,Tổng số,Châu Á,Châu Âu,Châu Mỹ,Châu Úc,Các thị trường khác,13.179584567051613,-73.9384667335132,-1.9139420796774997,12.832868997047536,-74.59907400056052,-5.356429485266978,11.075505185620512,-82.1119877662286,2.086956521739136,10.753916221110412,-57.93791275439148,1.6613099374565676,9.973246796950981,-73.2084853330668,-6.971195557869169,10.012162569161784,-82.4591492341219,87.04697986577182
2015-07-01,2015,7,t7,https://vietnamtourism.gov.vn/statistic/international?year=2015&period=t7,593566,390746.0,92940.0,52986.0,32225.0,24669.0,Tổng số,Châu Á,Châu Âu,Châu Mỹ,Châu Úc,Các thị trường khác,13.29390369156685,12.110984143773207,5.105040231187674,12.875813011507079,4.3879451059384955,6.416946272168711,11.43970940263897,43.93681276134427,2.9247278485919015,10.877783006696857,13.186508021276143,13.711183123377047,10.380497827807389,50.268127768710656,-6.772551061736964,10.113302673639005,10.643164693218509,-5.446531238022234
2015-08-01,2015,8,t8,https://vietnamtourism.gov.vn/statistic/international?year=2015&period=t8,664985,463223.0,107797.0,42502.0,24454.0,27009.0,Tổng số,Châu Á,Châu Âu,Châu Mỹ,Châu Úc,Các thị trường khác,13.407519762992614,12.032191870828179,7.500468809611571,13.045963858585031,18.548366458005972,7.2451722389559325,11.588005107756247,15.985582095975893,-1.6827493113952707,10.657306412628806,-19.786358660778312,8.809298277053834,10.104549080704135,-24.11481768813033,-1.3434461612942261,10.203925422776587,9.485589201021515,105.09529956716533
2015-09-01,2015,9,t9,https://vietnamtourism.gov.vn/statistic/international?year=2015&period=t9,626324,461395.0,75923.0,36498.0,25608.0,26900.0,Tổng số,Châu Á,Châu Âu,Châu Mỹ,Châu Úc,Các thị trường khác,13.347623088073089,-5.813815349218398,5.998331305288196,13.042009788078765,-0.39462634627382975,7.673261550381083,11.237474947782342,-29.568540868484284,2.0497862845775483,10.505012743548761,-14.12639405204461,4.259148170365923,10.150660081649699,4.719064365747938,-4.894897125454955,10.19988156558993,-0.4035691806434927,3.3184821017053334
2015-10-01,2015,10,t10,https://vietnamtourism.gov.vn/statistic/international?year=2015&period=t10,649099,463252.0,89260.0,42821.0,27640.0,26126.0,Tổng số,Châu Á,Châu Âu,Châu Mỹ,Châu Úc,Các thị trường khác,13.383340526425703,3.636296868713318,16.11747364052365,13.046026461461546,0.4024751026777462,15.023364602007216,11.399308738183262,17.566481830275404,27.406899898656857,10.66478391544408,17.324236944490103,18.276985968401284,10.227019277881606,7.935020306154317,-2.030978626874136,10.17068626604651,-2.8773234200743514,19.954086317722684
2015-11-01,2015,11,t11,https://vietnamtourism.gov.vn/statistic/international?year=2015&period=t11,732740,494870.0,127304.0,52872.0,24552.0,33142.0,Tổng số,Châu Á,Châu Âu,Châu Mỹ,Châu Úc,Các thị trường khác,13.504546211260635,12.88570772717259,20.3942709454386,13.112050380795885,6.825226874357804,21.584900839279044,11.75433320589002,42.62155500784226,-0.21711696882764642,10.875629177150289,23.47212816141613,29.366283337411314,10.108548596299572,-11.172214182344431,10.133225676221237,10.408556639189738,26.85447446987674,205.25927972736483
2015-12-01,2015,12,t12,https://vietnamtourism.gov.vn/statistic/international?year=2015&period=t12,760798,522991.0,116322.0,54890.0,30906.0,53909.0,Tổng số,Châu Á,Châu Âu,Châu Mỹ,Châu Úc,Các thị trường khác,13.542123161398084,3.8291890711575682,15.745225953287978,13.167319534485992,5.682502475397588,16.457018159145818,11.664117486567262,-8.626594608181993,14.906353722143194,10.913086461543935,3.816765017400514,19.049168239096016,10.33870561879364,25.879765395894427,-3.213077790304397,10.895052718839429,62.6606722587653,86.22702777393947
2016-01-01,2016,1,t1,https://vietnamtourism.gov.vn/statistic/international?year=2016&period=t1,760798,522991.0,116322.0,54890.0,30906.0,23511.0,Tổng số,Châu Á,Châu Âu,Châu Mỹ,Châu Úc,Các thị trường khác thuộc châu Á *,13.542123161398084,0.0,15.745225953287978,13.167319534485992,0.0,16.457018159145818,11.664117486567262,0.0,14.906353722143194,10.913086461543935,0.0,19.049168239096016,10.33870561879364,0.0,-3.213077790304397,10.065223675720974,-56.3876161679868,-18.781953848279677
2016-02-01,2016,2,t2,https://vietnamtourism.gov.vn/statistic/international?year=2016&period=t2,843726,588727.0,143321.0,81597.0,28550.0,19119.0,Tổng số,Châu Á,Châu Âu,Châu Mỹ,Châu Úc,Các thị trường khác thuộc châu Á,13.64558307631988,10.900133806871203,11.603968253968254,13.285717857732266,12.569241153289434,28.616869512405586,11.872842148787795,23.210570657313312,15.673804085519883,11.309547775570477,48.6554928037894,14.716922774114627,10.259412215084156,-7.62311525270174,-42.945643485211825,9.858437883982404,-18.680617583258897,-64.05730077265805
2016-03-01,2016,3,t3,https://vietnamtourism.gov.vn/statistic/international?year=2016&period=t3,830608,584433.0,153505.0,64702.0,26000.0,22069.0,Tổng số,Châu Á,Châu Âu,Châu Mỹ,Châu Úc,Các thị trường khác thuộc châu Á,13.629913241724028,-1.5547701504990963,34.42542826855694,13.278397425436898,-0.7293703193500534,47.0441862454523,11.941488418768794,7.105727702151121,43.51895136408683,11.077547391912312,-20.7054180913514,25.742381840796025,10.165851817003619,-8.931698774080566,14.130196216145041,10.00192918784816,15.429677284376808,-43.767517708811084
2016-04-01,2016,4,t4,https://vietnamtourism.gov.vn/statistic/international?year=2016&period=t4,799612,559313.0,142409.0,60012.0,35255.0,25934.0,Tổng số,Châu Á,Châu Âu,Châu Mỹ,Châu Úc,Các thị trường khác thuộc châu Á,13.591881888999522,-3.7317242309248155,15.811946005445797,13.234464523879446,-4.298183025256963,21.077833941270075,11.866458478210026,-7.228429041399298,32.438992634476605,11.002299821206904,-7.248616735185931,22.781676453137468,10.470362642153141,35.59615384615385,2.9703837840995284,10.16331012810883,17.513253885540813,-31.485786748388456
2016-05-01,2016,5,t5,https://vietnamtourism.gov.vn/statistic/international?year=2016&period=t5,767373,581624.0,110818.0,49459.0,23395.0,22584.0,Tổng số,Châu Á,Châu Âu,Châu Mỹ,Châu Úc,Các thị trường khác thuộc châu Á,13.550728272438732,-4.031830437762318,-62.226639278293725,13.273579469824604,3.989000792043096,-60.53176769805062,11.615644494974603,-22.183288977522487,-69.29977172491743,10.808899322512744,-17.58481637005932,-55.56044745945461,10.060277603300317,-33.64061835200681,-70.77232522112837,10.024996969933325,-12.917405722217934,-82.23257204446577
2016-06-01,2016,6,t6,https://vietnamtourism.gov.vn/statistic/international?year=2016&period=t6,710574,539773.0,84138.0,59143.0,25285.0,27065.0,Tổng số,Châu Á,Châu Âu,Châu Mỹ,Châu Úc,Các thị trường khác thuộc châu Á,13.473828373101478,-7.4017459566599335,34.21110785822889,13.198903959789693,-7.195542137188282,44.200565824519586,11.340213586954706,-24.075511198541754,30.305095245470028,10.987713519208159,19.57985402050182,26.33883750240318,10.137966613514083,8.078649284035055,17.906271858242008,10.205996659231078,19.841480694296855,21.38948690348044
2016-07-01,2016,7,t7,https://vietnamtourism.gov.vn/statistic/international?year=2016&period=t7,856438,631377.0,121874.0,64497.0,36468.0,21022.0,Tổng số,Châu Á,Châu Âu,Châu Mỹ,Châu Úc,Các thị trường khác thuộc châu Á,13.66053720650215,20.52762977536471,44.28690322558906,13.355658427454904,16.970837741050417,61.58246021712315,11.710743003138282,44.8501271720269,31.13191306219065,11.074373990074257,9.05263513856247,21.724606499830145,10.504190442704793,44.22780304528378,13.166795965865008,9.9533247873833,-22.327729539996312,-14.7837366735579
2016-08-01,2016,8,t8,https://vietnamtourism.gov.vn/statistic/international?year=2016&period=t8,909866,675530.0,150207.0,53454.0,28301.0,23070.0,Tổng số,Châu Á,Châu Âu,Châu Mỹ,Châu Úc,Các thị trường khác thuộc châu Á,13.72105261490303,6.23839670822639,36.82504116634209,13.42325284694323,6.993127719254888,45.83256876277733,11.919769621753511,23.24778049460918,39.3424677866731,10.886576749948699,-17.121726591934504,25.768199143569714,10.250652418696085,-22.394976417681256,15.73157765600719,10.0462883511678,9.742174864427744,-14.584027546373434
2016-09-01,2016,9,t9,https://vietnamtourism.gov.vn/statistic/international?year=2016&period=t9,823135,637066.0,109427.0,45115.0,29345.0,24456.0,Tổng số,Châu Á,Châu Âu,Châu Mỹ,Châu Úc,Các thị trường khác thuộc châu Á,13.62087550022897,-9.532282775705436,31.423193107720614,13.364628539862125,-5.693899604754781,38.07388463247325,11.60301293925099,-27.149200769604608,44.128920090091285,10.716970064428601,-15.60032925506043,23.609512850019176,10.286877452992435,3.6889155860216905,14.593095907528909,10.104630863570671,6.007802340702217,-9.085501858736055
2016-10-01,2016,10,t10,https://vietnamtourism.gov.vn/statistic/international?year=2016&period=t10,822145,618294.0,116984.0,52621.0,31800.0,27256.0,Tổng số,Châu Á,Châu Âu,Châu Mỹ,Châu Úc,Các thị trường khác thuộc châu Á,13.619672057508602,-0.12027188735748151,26.659415589917714,13.334719351472405,-2.946633472826987,33.46817714764319,11.669792452291714,6.905973845577407,31.05982522966615,10.870870558594627,16.637481990468793,22.885967165643017,10.367221568768269,8.365990799113998,15.050651230101298,10.213028959340802,11.449133137062484,4.3251932940366
2016-11-01,2016,11,t11,https://vietnamtourism.gov.vn/statistic/international?year=2016&period=t11,936779,662678.0,179947.0,64271.0,27410.0,24438.0,Tổng số,Châu Á,Châu Âu,Châu Mỹ,Châu Úc,Các thị trường khác thuộc châu Á,13.750202674276554,13.943282510992594,27.846029969702755,13.404044479999992,7.178462026155841,33.90951158890214,12.100417642070626,53.821890173015106,41.352196317476285,11.070863797603241,22.139450029455922,21.55961567559388,10.218663189296832,-13.805031446540884,11.640599543825347,10.103894576876467,-10.339007924860578,-26.262748174521754
2016-12-01,2016,12,t12,https://vietnamtourism.gov.vn/statistic/international?year=2016&period=t12,897279,652264.0,148826.0,63008.0,29686.0,18441.0,Tổng số,Châu Á,Châu Âu,Châu Mỹ,Châu Úc,Các thị trường khác thuộc châu Á,13.707122129468317,-4.216576161506613,17.939190166115047,13.388204666931138,-1.5715022982504379,24.71801618001075,11.91053311730021,-17.29453672470227,27.943123398841152,11.051016981438853,-1.9651164599897353,14.789579158316624,10.29843083318471,8.303538854432691,-3.9474535688863055,9.822331725575118,-24.539651362631965,-65.79235378137231
2017-01-01,2017,1,t1,https://vietnamtourism.gov.vn/statistic/international?year=2017&period=t1,897279,652264.0,148826.0,63008.0,29686.0,18441.0,Tổng số,Châu Á,Châu Âu,Châu Mỹ,Châu Úc,Các thị trường khác thuộc châu Á,13.707122129468317,0.0,17.939190166115047,13.388204666931138,0.0,24.71801618001075,11.91053311730021,0.0,27.943123398841152,11.051016981438853,0.0,14.789579158316624,10.29843083318471,0.0,-3.9474535688863055,9.822331725575118,0.0,-21.56437412275105
2017-02-01,2017,2,t2,https://vietnamtourism.gov.vn/statistic/international?year=2017&period=t2,1199421,883662.0,194529.0,88371.0,30417.0,18333.0,Tổng số,Châu Á,Châu Âu,Châu Mỹ,Châu Úc,Các thị trường khác thuộc châu Á,13.997349498317647,33.67313845526307,42.1576435951956,13.69182991556308,35.476126231096615,50.0970738559638,12.17833653118337,30.709015897759805,35.72958603414713,11.389299140505509,40.2536185881158,8.301775800580913,10.322756941620689,2.462440207505212,6.539404553415062,9.816457993563025,-0.5856515373352855,-4.111093676447508
2017-03-01,2017,3,t3,https://vietnamtourism.gov.vn/statistic/international?year=2017&period=t3,2031519,1473651.0,360968.0,111295.0,80044.0,127109.0,Tổng số,Châu Á,Châu Âu,Châu Mỹ,Châu Úc,Các thị trường khác thuộc châu Á,14.524294347061236,69.37497342467739,144.58216150097277,14.203253553004819,66.7663654202625,152.15054591373178,12.796544590726745,85.55999362562909,135.15064655874403,11.61993961262471,25.94063663418995,72.01168433742389,11.290331762461454,163.15547226879707,207.86153846153846,11.752800265056132,593.3344242622593,475.96175630975574
2017-04-01,2017,4,t4,https://vietnamtourism.gov.vn/statistic/international?year=2017&period=t4,2031519,1473651.0,360968.0,111295.0,80044.0,127109.0,Tổng số,Châu Á,Châu Âu,Châu Mỹ,Châu Úc,Các thị trường khác thuộc châu Á,14.524294347061236,0.0,154.06309560136665,14.203253553004819,0.0,163.47519188719016,12.796544590726745,0.0,153.4727439979215,11.61993961262471,0.0,85.45457575151636,11.290331762461454,0.0,127.04297262799602,11.752800265056132,0.0,390.12493252101484
2017-05-01,2017,5,t5,https://vietnamtourism.gov.vn/statistic/international?year=2017&period=t5,972844,761076.0,126312.0,55076.0,27531.0,17999.0,Tổng số,Châu Á,Châu Âu,Châu Mỹ,Châu Úc,Các thị trường khác thuộc châu Á,13.78797901943434,-52.11248331913214,26.775896467558802,13.542488500451242,-48.35439327221981,30.85360989230155,11.746510315701725,-65.0074244808404,13.98148315255645,10.916469328564263,-50.51350015723977,11.35688145736873,10.223067921487123,-65.60516715806305,17.678991237443896,9.798071479779479,-85.83971237284536,-20.30198370527807
2017-06-01,2017,6,t6,https://vietnamtourism.gov.vn/statistic/international?year=2017&period=t6,949362,746441.0,105892.0,64375.0,30591.0,16715.0,Tổng số,Châu Á,Châu Âu,Châu Mỹ,Châu Úc,Các thị trường khác thuộc châu Á,13.763545459019198,-2.413747733449556,33.60494473482001,13.523071857338918,-1.9229354230063778,38.28794697030047,11.570174985770922,-16.166318322883022,25.855142741686276,11.072480637966038,16.883942188975244,8.846355443585896,10.328461127032336,11.114743380189607,20.984773581174608,9.7240617988542,-7.133729651647314,-38.241271014225006
2017-07-01,2017,7,t7,https://vietnamtourism.gov.vn/statistic/international?year=2017&period=t7,1036880,784981.0,135380.0,70575.0,42958.0,17827.0,Tổng số,Châu Á,Châu Âu,Châu Mỹ,Châu Úc,Các thị trường khác thuộc châu Á,13.851726762097258,9.218612078427402,21.068892319117083,13.573414792649972,5.163167618070275,24.328412343180062,11.815840918062598,27.847240584746725,11.081937082560668,11.16443125312169,9.63106796116504,9.423694125308145,10.667978173164208,40.42692295119479,17.796424262367005,9.788469440951861,6.652707149267134,-15.198363619065736
2017-08-01,2017,8,t8,https://vietnamtourism.gov.vn/statistic/international?year=2017&period=t8,1229163,967302.0,164272.0,60155.0,34216.0,18524.0,Tổng số,Châu Á,Châu Âu,Châu Mỹ,Châu Úc,Các thị trường khác thuộc châu Á,14.021844007906806,18.54438314944835,35.092749921416996,13.782266031779377,23.226167257551467,43.1915681020828,12.009278869538745,21.34140936622839,9.363744698982067,11.004679843467624,-14.764434998228836,12.536012272234064,10.440448649906745,-20.350109409190374,20.900321543408353,9.826822467600643,3.909799741964437,-19.705244906805376
2017-09-01,2017,9,t9,https://vietnamtourism.gov.vn/statistic/international?year=2017&period=t9,975952,774217.0,115634.0,49177.0,34096.0,19152.0,Tổng số,Châu Á,Châu Âu,Châu Mỹ,Châu Úc,Các thị trường khác thuộc châu Á,13.791168683857968,-20.600278400830486,18.56524142455369,13.559607475034957,-19.961191024106228,21.528538644347673,11.658185309623358,-29.608210772377518,5.672274667129695,10.803181313502913,-18.24952206799102,9.003657320181757,10.436935354338399,-0.3507131166705646,16.190151644232408,9.860162427797754,3.390196501835452,-21.68792934249264
2017-10-01,2017,10,t10,https://vietnamtourism.gov.vn/statistic/international?year=2017&period=t10,1024899,800043.0,126638.0,56814.0,38381.0,20499.0,Tổng số,Châu Á,Châu Âu,Châu Mỹ,Châu Úc,Các thị trường khác thuộc châu Á,13.840104629114231,5.015308129908025,24.661586459809403,13.592420755205584,3.3357572876854924,29.39523915807043,11.749087901631702,9.516232250030265,8.252410586063053,10.947538053211556,15.529617504117788,7.968301628627361,10.555317824459362,12.567456593148751,20.694968553459113,9.928131383448887,7.033208020050119,-24.790871734663924
2017-11-01,2017,11,t11,https://vietnamtourism.gov.vn/statistic/international?year=2017&period=t11,1172568,865737.0,197238.0,74370.0,32404.0,20600.0,Tổng số,Châu Á,Châu Âu,Châu Mỹ,Châu Úc,Các thị trường khác thuộc châu Á,13.974706773356491,14.408151437361138,25.17018421634132,13.671336446269747,8.211308642160486,30.642182175958755,12.192166400355605,55.74945908810942,9.608940410231902,11.216807913697346,30.90083430140458,15.713152121485585,10.386037150950381,-15.572809463015558,18.219627873039034,9.933046354777673,0.4927069613151813,-15.705049513053437
2017-12-01,2017,12,t12,https://vietnamtourism.gov.vn/statistic/international?year=2017&period=t12,1276353,997670.0,167164.0,71503.0,35996.0,23351.0,Tổng số,Châu Á,Châu Âu,Châu Mỹ,Châu Úc,Các thị trường khác thuộc châu Á,14.059517350395513,8.851085821888361,42.2470602789099,13.813177839290447,15.239385633281245,52.954938491163084,12.02673064544521,-15.247568926880216,12.321771733433673,11.177494685843843,-3.855049078929673,13.482414931437269,10.49116310015384,11.085051228243437,21.255810819915123,10.058395088732475,13.35436893203883,26.6254541510764
2018-01-01,2018,1,t1,https://vietnamtourism.gov.vn/statistic/international?year=2018&period=t1,1276353,997670.0,167164.0,71503.0,35996.0,23351.0,Tổng số,Châu Á,Châu Âu,Châu Mỹ,Châu Úc,Các thị trường khác thuộc châu Á,14.059517350395513,0.0,42.2470602789099,13.813177839290447,0.0,52.954938491163084,12.02673064544521,0.0,12.321771733433673,11.177494685843843,0.0,13.482414931437269,10.49116310015384,0.0,21.255810819915123,10.058395088732475,0.0,26.6254541510764
2018-02-01,2018,2,t2,https://vietnamtourism.gov.vn/statistic/international?year=2018&period=t2,1431845,1076469.0,215809.0,101764.0,34950.0,12621.0,Tổng số,Châu Á,Châu Âu,Châu Mỹ,Châu Úc,Các thị trường khác thuộc châu Á,14.174474380420868,12.1825231734481,19.378016559656697,13.889196798344509,7.898303046097399,21.819089199263964,12.282149036219199,29.100165107319764,10.939242992047449,11.530411685977503,42.32130120414528,15.155424290774121,10.461673747661957,-2.9058784309367702,14.902850379721876,9.44311737225863,-45.950922872682106,-31.15693012600229
2018-03-01,2018,3,t3,https://vietnamtourism.gov.vn/statistic/international?year=2018&period=t3,1343314,1030044.0,204460.0,76759.0,28841.0,12380.0,Tổng số,Châu Á,Châu Âu,Châu Mỹ,Châu Úc,Các thị trường khác thuộc châu Á,14.110650253091636,-6.183001651715092,-33.87637526402657,13.845112077740014,-4.312711281049431,-30.10258195461476,12.228127636311005,-5.258816824136159,-43.35785997650762,11.248425922418225,-24.571557721787663,-31.031043622804255,10.269553264861555,-17.479256080114446,-63.968567287991604,9.423837546238587,-1.9095158862213801,-90.26032775019866
2018-04-01,2018,4,t4,https://vietnamtourism.gov.vn/statistic/international?year=2018&period=t4,1341913,1015596.0,197650.0,81080.0,43866.0,16939.0,Tổng số,Châu Á,Châu Âu,Châu Mỹ,Châu Úc,Các thị trường khác thuộc châu Á,14.10960676579829,-0.1042943049800682,-33.94533843887258,13.830986190246417,-1.4026585272085446,-31.083004049126963,12.194253068724832,-3.3307248361537756,-45.24445380199907,11.303191600565937,5.629307312497556,-27.148569118109535,10.68889481152137,52.0959744807739,-45.197641297286495,9.737373934586381,36.82552504038772,-86.67364230699636
2018-05-01,2018,5,t5,https://vietnamtourism.gov.vn/statistic/international?year=2018&period=t5,1161114,930389.0,133485.0,63787.0,30209.0,10329.0,Tổng số,Châu Á,Châu Âu,Châu Mỹ,Châu Úc,Các thị trường khác thuộc châu Á,13.964890447074056,-13.473228145192717,19.35253750858308,13.743358057244818,-8.389851870231869,22.24652991291276,11.801744390959072,-32.463951429294205,5.678795363860911,11.06330468681515,-21.328317710902812,15.816326530612246,10.315895172210867,-31.133451876168326,9.727216592205146,9.242710752006634,-39.022374402266955,-42.613478526584814
2018-06-01,2018,6,t6,https://vietnamtourism.gov.vn/statistic/international?year=2018&period=t6,1183102,967996.0,110564.0,71936.0,29883.0,9118.0,Tổng số,Châu Á,Châu Âu,Châu Mỹ,Châu Úc,Các thị trường khác thuộc châu Á,13.983650360714503,1.893698637687602,24.620745300528135,13.782983234018772,4.042072724419565,29.68151535084487,11.61334981779711,-17.171217739820953,4.412042458353804,11.183532113813309,12.77533039647578,11.74524271844659,10.305045035813276,-1.0791485980998994,-2.314406197901342,9.118005760773388,-11.724271468680413,-45.450194436135206
2018-07-01,2018,7,t7,https://vietnamtourism.gov.vn/statistic/international?year=2018&period=t7,1188817,921373.0,142660.0,77830.0,43446.0,9689.0,Tổng số,Châu Á,Châu Âu,Châu Mỹ,Châu Úc,Các thị trường khác thuộc châu Á,13.988469252977975,0.4830521797782428,14.65328678342721,13.733620227820397,-4.816445522502155,17.375197616248037,11.86821945583203,29.02934047248653,5.377456049638063,11.262282239953434,8.193394128113884,10.279844137442428,10.679274066616875,45.387009336412,1.1359932957772712,9.178746500385005,6.262338232068432,-45.64985695854603
2018-08-01,2018,8,t8,https://vietnamtourism.gov.vn/statistic/international?year=2018&period=t8,1323546,1046276.0,173852.0,65579.0,34180.0,11946.0,Tổng số,Châu Á,Châu Âu,Châu Mỹ,Châu Úc,Các thị trường khác thuộc châu Á,14.095825056373224,11.333031072065758,7.678639854925673,13.86074775113416,13.556181915467459,8.164358183897068,12.065959641540097,21.864573110893026,5.8317911756111895,11.091010801730992,-15.7407169471926,9.016706840661627,10.439395956669582,-21.32762509782259,-0.10521393500116938,9.388151773292252,23.294457632366594,-35.51068883610451
2018-09-01,2018,9,t9,https://vietnamtourism.gov.vn/statistic/international?year=2018&period=t9,1212597,994451.0,127200.0,54500.0,33293.0,13914.0,Tổng số,Châu Á,Châu Âu,Châu Mỹ,Châu Úc,Các thị trường khác thuộc châu Á,14.008274898593946,-8.38270827005635,24.247606439660974,13.80994610507186,-4.953281925610453,28.44602998900825,11.75351592988816,-26.83431884591492,10.002248473632314,10.905955980651335,-16.894127693316463,10.824165768550342,10.413102443661062,-2.5950848449385555,-2.3551149694978846,9.540650806483587,16.47413360120542,-27.34962406015038
2018-10-01,2018,10,t10,https://vietnamtourism.gov.vn/statistic/international?year=2018&period=t10,1205157,960172.0,139393.0,63274.0,38624.0,10534.0,Tổng số,Châu Á,Châu Âu,Châu Mỹ,Châu Úc,Các thị trường khác thuộc châu Á,14.00212040687626,-0.6135591626896697,17.587879391042428,13.774867714062255,-3.4470275559077335,20.015049191105973,11.8450525608397,9.585691823899367,10.072016298425424,11.055229781258411,16.099082568807344,11.370436864153199,10.561629123897259,16.01237497371819,0.6331257653526379,9.262363400043334,-24.29207991950554,-48.612127420849795
2018-11-01,2018,11,t11,https://vietnamtourism.gov.vn/statistic/international?year=2018&period=t11,1301909,994349.0,196578.0,76522.0,31084.0,11958.0,Tổng số,Châu Á,Châu Âu,Châu Mỹ,Châu Úc,Các thị trường khác thuộc châu Á,14.07934220683494,8.02816562489368,11.030575625464788,13.809843530655037,3.5594664289314792,14.855781836747184,12.188814578093893,41.02429820722704,-0.33462111763453706,11.245333560170282,20.937509877674863,2.893639908565282,10.344448496329132,-19.521541010770505,-4.073571164053824,9.38915578944085,13.518131763812423,-41.95145631067961
2018-12-01,2018,12,t12,https://vietnamtourism.gov.vn/statistic/international?year=2018&period=t12,1374235,1091610.0,170743.0,73133.0,34141.0,14056.0,Tổng số,Châu Á,Châu Âu,Châu Mỹ,Châu Úc,Các thị trường khác thuộc châu Á,14.133407770618767,5.55538059879761,7.668881571164099,13.903164228639145,9.781374547568312,9.415939138191987,12.04791478098508,-13.142365880210406,2.1410112225120237,11.200034980259629,-4.428791720028224,2.279624631134358,10.438254287073526,9.834641616265593,-5.153350372263588,9.550804629866933,17.544739923064068,-39.805575778339254
2019-01-01,2019,1,t1,https://vietnamtourism.gov.vn/statistic/international?year=2019&period=t1,1374235,1091610.0,170743.0,73133.0,34141.0,14056.0,Tổng số,Châu Á,Châu Âu,Châu Mỹ,Châu Úc,Các thị trường khác thuộc châu Á,14.133407770618767,0.0,7.668881571164099,13.903164228639145,0.0,9.415939138191987,12.04791478098508,0.0,2.1410112225120237,11.200034980259629,0.0,2.279624631134358,10.438254287073526,0.0,-5.153350372263588,9.550804629866933,0.0,-39.805575778339254
2019-02-01,2019,2,t2,https://vietnamtourism.gov.vn/statistic/international?year=2019&period=t2,1588161,1219310.0,228986.0,103305.0,33084.0,13559.0,Tổng số,Châu Á,Châu Âu,Châu Mỹ,Châu Úc,Các thị trường khác thuộc châu Á,14.278087301040495,15.56691541111963,10.917103457427313,14.013795682941772,11.698317164555117,13.269402091467564,12.341416145296355,34.11150091072548,6.105862128085482,11.545441056646908,41.25634118660522,1.5142879603789128,10.406805060811797,-3.0959843004012777,-5.33905579399142,9.51480581246231,-3.535856573705176,7.432057681641702
2019-03-01,2019,3,t3,https://vietnamtourism.gov.vn/statistic/international?year=2019&period=t3,1410187,1067426.0,223742.0,84845.0,30855.0,12822.0,Tổng số,Châu Á,Châu Âu,Châu Mỹ,Châu Úc,Các thị trường khác thuộc châu Á,14.159232877674025,-11.206294575927755,4.9782106045198615,13.880760700839025,-12.456553296536566,3.6291653560430515,12.318248881307962,-2.2900963377673778,9.430695490560502,11.348581341406927,-17.86941580756014,10.534269597050505,10.337054090755167,-6.737395719985495,6.983114316424532,9.458917724547202,-5.43550409322221,3.5702746365104954
2019-04-01,2019,4,t4,https://vietnamtourism.gov.vn/statistic/international?year=2019&period=t4,1468766,1132070.0,206205.0,81863.0,44298.0,17462.0,Tổng số,Châu Á,Châu Âu,Châu Mỹ,Châu Úc,Các thị trường khác thuộc châu Á,14.199933150432292,4.153988088104632,9.453146366418697,13.93955837328924,6.0560638395542155,11.468536701601817,12.23662609857363,-7.838045606099886,4.32835820895523,11.312802397310374,-3.5146443514644354,0.9657128761716871,10.69869480828722,43.5683033543996,0.984817398440696,9.767782370370753,36.18780221494306,3.0875494421158223
2019-05-01,2019,5,t5,https://vietnamtourism.gov.vn/statistic/international?year=2019&period=t5,1326668,1080932.0,143270.0,66260.0,32536.0,11556.0,Tổng số,Châu Á,Châu Âu,Châu Mỹ,Châu Úc,Các thị trường khác thuộc châu Á,14.098181093617132,-9.674652054854215,14.25820375949305,13.893334189924907,-4.517211833190526,16.180651318964422,11.872486240887419,-30.520598433597634,7.330411656740465,11.101341675853886,-19.059892747639353,3.876965525890852,10.39010244758706,-26.55198880310623,7.703002416498395,9.354960061586127,-33.82201351506128,11.879175137961084
2019-06-01,2019,6,t6,https://vietnamtourism.gov.vn/statistic/international?year=2019&period=t6,1185445,964123.0,113074.0,77259.0,28077.0,10211.0,Tổng số,Châu Á,Châu Âu,Châu Mỹ,Châu Úc,Các thị trường khác thuộc châu Á,13.985628789484753,-10.644939050312507,0.19803871517418692,13.778974158814338,-10.806322691899217,-0.40010495911140254,11.63579775061912,-21.076289523277726,2.2701783582359525,11.254918692828197,16.599758527014785,7.399633007117434,10.242706014825366,-13.704819277108438,-6.043569922698522,9.231220849555537,-11.638975424022158,11.987277911822769
2019-07-01,2019,7,t7,https://vietnamtourism.gov.vn/statistic/international?year=2019&period=t7,1315792,1033367.0,150355.0,88231.0,40121.0,11140.0,Tổng số,Châu Á,Châu Âu,Châu Mỹ,Châu Úc,Các thị trường khác thuộc châu Á,14.089949323664191,10.995617679436842,10.680786025098898,13.848332960901688,7.182071167268078,12.155120673169284,11.92075444360033,32.97044413393,5.393943642226273,11.387713654165296,14.201581692747766,13.36374148785815,10.59965516698957,42.89632083199773,-7.653178658564652,9.318297513481275,9.098031534619523,14.975745690989783
2019-08-01,2019,8,t8,https://vietnamtourism.gov.vn/statistic/international?year=2019&period=t8,1512447,1227467.0,180433.0,68953.0,31685.0,14193.0,Tổng số,Châu Á,Châu Âu,Châu Mỹ,Châu Úc,Các thị trường khác thuộc châu Á,14.229239426950858,14.945751304157495,14.272341119991294,14.020463254379047,18.783258997045582,17.317705844346996,12.103114796710857,20.00465564829903,3.785403676690513,11.141180392064626,-21.849463340549235,5.144939691059647,10.363598661757617,-21.026395154657163,-7.299590403744882,9.560504164299259,27.405745062836615,18.80964339527875
2019-09-01,2019,9,t9,https://vietnamtourism.gov.vn/statistic/international?year=2019&period=t9,1561274,1327814.0,134278.0,61768.0,33204.0,12065.0,Tổng số,Châu Á,Châu Âu,Châu Mỹ,Châu Úc,Các thị trường khác thuộc châu Á,14.26101271260161,3.228344530419913,28.75456561413232,14.0990445389682,8.175128129717546,33.52231532775372,11.807667556732232,-25.580132237451025,5.564465408805042,11.031140709988652,-10.420141255637894,13.33577981651377,10.410425629574926,4.794066593025081,-0.2673234613882802,9.398063978059133,-14.993306559571618,-13.288773896794591
2019-10-01,2019,10,t10,https://vietnamtourism.gov.vn/statistic/international?year=2019&period=t10,1618337,1355413.0,149554.0,69750.0,39208.0,4252.0,Tổng số,Châu Á,Châu Âu,Châu Mỹ,Châu Úc,Các thị trường khác thuộc châu Á,14.296909636742344,3.654899780563814,34.284329759525114,14.119616762902725,2.0785290710897852,41.16356236174352,11.91541281060779,11.376398218621064,7.289462168114613,11.152672699683611,12.922548892630491,10.234851597812678,10.576636086589383,18.08215877605108,1.512013256006628,8.355144739461839,-64.75756319933691,-59.63546610973989
2019-11-01,2019,11,t11,https://vietnamtourism.gov.vn/statistic/international?year=2019&period=t11,1809580,1467203.0,222846.0,84292.0,31193.0,14367.0,Tổng số,Châu Á,Châu Âu,Châu Mỹ,Châu Úc,Các thị trường khác thuộc châu Á,14.408605332116693,11.817254379032294,38.99435367602497,14.198868425193261,8.24767063618248,47.554128379472395,12.314236228920365,49.007047621594864,13.362634679363916,11.342042240317104,20.84874551971325,10.153942657013658,10.347948989650975,-20.442256682309733,0.3506627203706092,9.572689189010719,237.88805268109124,20.145509282488703
2019-12-01,2019,12,t12,https://vietnamtourism.gov.vn/statistic/international?year=2019&period=t12,1710168,1407537.0,182902.0,81959.0,32721.0,14471.0,Tổng số,Châu Á,Châu Âu,Châu Mỹ,Châu Úc,Các thị trường khác thuộc châu Á,14.352102169267093,-5.493650460327815,24.44509126896055,14.157351926394693,-4.066649263939615,28.94138016324512,12.116705769256296,-17.92448596788814,7.121228981568795,11.313974401204709,-2.7677596924975068,12.068423283606577,10.395772352596852,4.898534927708131,-4.1592220497349235,9.579901925737992,0.7238811164474113,2.952475811041544
2020-01-01,2020,1,t1,https://vietnamtourism.gov.vn/statistic/international?year=2020&period=t1,2031519,1473651.0,360968.0,111295.0,80044.0,127109.0,Tổng số,Châu Á,Châu Âu,Châu Mỹ,Châu Úc,Các thị trường khác thuộc châu Á,14.524294347061236,18.79061004532887,47.82908308986453,14.203253553004819,4.69714117639537,34.99793882430537,12.796544590726745,97.35596111578879,111.41013101561997,11.61993961262471,35.79350650935225,52.18164166655272,11.290331762461454,144.6257754958589,134.45124630210012,11.752800265056132,778.3705341717919,804.3042117245304
2020-02-01,2020,2,t2,https://vietnamtourism.gov.vn/statistic/international?year=2020&period=t2,1242731,887482.0,242897.0,81476.0,26997.0,11392.0,Tổng số,Châu Á,Châu Âu,Châu Mỹ,Châu Úc,Các thị trường khác thuộc châu Á,14.032821935165735,-38.82749804456665,-21.75031372763845,13.69614351843589,-39.77664996664746,-27.214408148871083,12.400392764152363,-32.70954766073447,6.075043889146059,11.30806377733403,-26.792757985533942,-21.130632592807707,10.203481027702058,-66.27230023487083,-18.398621690243022,9.340666633651757,-91.03761338693562,-15.982004572608599
2020-03-01,2020,3,t3,https://vietnamtourism.gov.vn/statistic/international?year=2020&period=t3,449923,243028.0,162165.0,27210.0,15455.0,10196.0,Tổng số,Châu Á,Châu Âu,Châu Mỹ,Châu Úc,Các thị trường khác thuộc châu Á *,13.016831735994215,-63.79562431451375,-68.09479877491424,12.400931942022089,-72.61600798664085,-77.2323327331356,11.99636961439498,-33.23713343515976,-27.521430933843448,10.211339831777291,-66.60366242819971,-67.92975425776416,9.645687854566217,-42.75289847020039,-49.91087344028521,9.229750765496005,-10.498595505617981,-20.480424270784592
2020-04-01,2020,4,t4,https://vietnamtourism.gov.vn/statistic/international?year=2020&period=t4,3686779,,,,,,Tổng số,,,,,,15.120263735088896,719.4244348477406,151.01200599687084,,,,,,,,,,,,,,,
2020-05-01,2020,5,t5,https://vietnamtourism.gov.vn/statistic/international?year=2020&period=t5,3686779,,,,,,Tổng số,,,,,,15.120263735088896,0.0,177.89763527875851,,,,,,,,,,,,,,,
2020-06-01,2020,6,t6,https://vietnamtourism.gov.vn/statistic/international?year=2020&period=t6,3686779,,,,,,Tổng số,,,,,,15.120263735088896,0.0,211.00380026066162,,,,,,,,,,,,,,,
2020-07-01,2020,7,t7,https://vietnamtourism.gov.vn/statistic/international?year=2020&period=t7,3686779,,,,,,Tổng số,,,,,,15.120263735088896,0.0,180.19466602624124,,,,,,,,,,,,,,,
2020-08-01,2020,8,t8,https://vietnamtourism.gov.vn/statistic/international?year=2020&period=t8,3686779,,,,,,Tổng số,,,,,,15.120263735088896,0.0,143.7625252322891,,,,,,,,,,,,,,,
2020-09-01,2020,9,t9,https://vietnamtourism.gov.vn/statistic/international?year=2020&period=t9,3686779,,,,,,Tổng số,,,,,,15.120263735088896,0.0,136.13914021497826,,,,,,,,,,,,,,,
2020-10-01,2020,10,t10,https://vietnamtourism.gov.vn/statistic/international?year=2020&period=t10,3686779,,,,,,Tổng số,,,,,,15.120263735088896,0.0,127.81281031083145,,,,,,,,,,,,,,,
2020-11-01,2020,11,t11,https://vietnamtourism.gov.vn/statistic/international?year=2020&period=t11,3686779,,,,,,Tổng số,,,,,,15.120263735088896,0.0,103.73672343858797,,,,,,,,,,,,,,,
2021-04-01,2021,4,t4,https://vietnamtourism.gov.vn/statistic/international?year=2021&period=t4,2031519,1473651.0,360968.0,111295.0,80044.0,127109.0,Tổng số,Châu Á,Châu Âu,Châu Mỹ,Châu Úc,Các thị trường khác thuộc châu Á,14.524294347061236,-44.897185320845104,18.79061004532887,14.203253553004819,,4.69714117639537,12.796544590726745,,97.35596111578879,11.61993961262471,,35.79350650935225,11.290331762461454,,144.6257754958589,11.752800265056132,,778.3705341717919
2021-12-01,2021,12,t12,https://vietnamtourism.gov.vn/statistic/international?year=2021&period=t12,3100,,,,,,Tổng số,,,,,,8.039157390473237,-99.8474048236812,-99.8474048236812,,,,,,,,,,,,,,,
2022-01-01,2022,1,t1,https://vietnamtourism.gov.vn/statistic/international?year=2022&period=t1,3100,13847.0,4337.0,1226.0,237.0,1815.0,Tổng số,Châu Á,Châu Âu,Châu Mỹ,Châu Úc,Các thị trường khác thuộc châu Á,8.039157390473237,0.0,-99.75054939484089,9.535823881654714,,-98.43974300323838,8.374938143835367,,-98.21446950765139,7.111512116496157,,-98.49526240856204,5.4680601411351315,,-99.12212468052006,7.503840746698951,,-84.06776685393258
2022-02-01,2022,2,t2,https://vietnamtourism.gov.vn/statistic/international?year=2022&period=t2,29517,18876.0,5793.0,3600.0,1127.0,1170.0,Tổng số,Châu Á,Châu Âu,Châu Mỹ,Châu Úc,Các thị trường khác thuộc châu Á,10.292721647533876,852.1612903225806,-93.43954409976818,9.845646552846278,36.31833610168267,-92.23299372911762,8.664405571096625,33.57159326723542,-96.42771251503099,8.1886891244442,193.63784665579118,-86.76957001102535,7.027314514039777,375.52742616033754,-92.70786153348432,7.064759027791802,-35.537190082644635,-88.52491173009022
2022-03-01,2022,3,t3,https://vietnamtourism.gov.vn/statistic/international?year=2022&period=t3,41740,25772.0,6505.0,7468.0,1747.0,1412.0,Tổng số,Châu Á,Châu Âu,Châu Mỹ,Châu Úc,Các thị trường khác thuộc châu Á,10.639215180631192,41.410034895145166,-98.86784643180403,10.157043910258533,36.53316380589109,,8.780326390946605,12.290695667184526,,8.918382504661613,107.44444444444446,,7.465655310134056,55.013309671694756,,7.252762418053187,20.683760683760678,
2022-04-01,2022,4,t4,https://vietnamtourism.gov.vn/statistic/international?year=2022&period=t4,101373,59800.0,19563.0,15527.0,6025.0,6913.0,Tổng số,Châu Á,Châu Âu,Châu Mỹ,Châu Úc,Các thị trường khác thuộc châu Á,11.526562062493136,142.86775275515095,-97.25036407118517,10.998760939938723,132.03476641316158,,9.881395306061313,200.7378939277479,,9.65033572298117,107.9137653990359,,8.703672758358856,244.87693188322842,,8.841158975945264,389.5892351274788,
2022-05-01,2022,5,t5,https://vietnamtourism.gov.vn/statistic/international?year=2022&period=t5,172948,112693.0,29055.0,21854.0,8670.0,12929.0,Tổng số,Châu Á,Châu Âu,Châu Mỹ,Châu Úc,Các thị trường khác thuộc châu Á,12.060746250262602,70.60558531364367,-95.30896752965123,11.632422586297608,88.44983277591973,,10.276945864509205,48.52016561877013,,9.992139250130691,40.74837380047658,,9.067624069774588,43.90041493775934,,9.467228129254554,87.0244466946333,
2022-06-01,2022,6,t6,https://vietnamtourism.gov.vn/statistic/international?year=2022&period=t6,2031519,1473651.0,360968.0,111295.0,80044.0,127109.0,Tổng số,Châu Á,Châu Âu,Châu Mỹ,Châu Úc,Các thị trường khác thuộc châu Á,14.524294347061236,1074.6415107431135,-44.897185320845104,14.203253553004819,1207.6686218309922,,12.796544590726745,1142.3610394080192,,11.61993961262471,409.2660382538666,,11.290331762461454,823.2295271049596,,11.752800265056132,883.1309459354939,
2022-07-01,2022,7,t7,https://vietnamtourism.gov.vn/statistic/international?year=2022&period=t7,352579,246214.0,46490.0,40502.0,18374.0,24471.0,Tổng số,Châu Á,Châu Âu,Châu Mỹ,Châu Úc,Các thị trường khác thuộc châu Á,12.773029989599964,-82.64456300925563,-90.43666571823263,12.413956355453712,-83.2922449073763,,10.74699251468463,-87.12074200483146,,10.609106634591393,-63.60842805157465,,9.818691900831412,-77.04512518115037,,10.10524402196869,-80.7480194164064,
2022-08-01,2022,8,t8,https://vietnamtourism.gov.vn/statistic/international?year=2022&period=t8,486407,358562.0,65131.0,43783.0,17302.0,29560.0,Tổng số,Châu Á,Châu Âu,Châu Mỹ,Châu Úc,Các thị trường khác thuộc châu Á,13.094801000977906,37.9568834218714,-86.80672207365834,12.789856866886222,45.630224113982145,,11.084155905330146,40.09679500967951,,10.687000893169545,8.100834526690036,,9.75857738074032,-5.834331120060954,,10.294177375062137,20.796044297331527,
2022-09-01,2022,9,t9,https://vietnamtourism.gov.vn/statistic/international?year=2022&period=t9,431909,313777.0,53583.0,44335.0,18856.0,31000.0,Tổng số,Châu Á,Châu Âu,Châu Mỹ,Châu Úc,Các thị trường khác thuộc châu Á,12.975970196888662,-11.204197308015718,-88.28492296392054,12.656437821502438,-12.49016906420647,,10.888987132572593,-17.730420229998,,10.699529711814108,1.2607633099604776,,9.844586444615967,8.981620621893427,,10.341742483467284,4.8714479025710355,
2022-10-01,2022,10,t10,https://vietnamtourism.gov.vn/statistic/international?year=2022&period=t10,484355,347886.0,62043.0,51213.0,21718.0,43265.0,Tổng số,Châu Á,Châu Âu,Châu Mỹ,Châu Úc,Các thị trường khác thuộc châu Á,13.090573387914699,12.142835643619376,-86.86238041390601,12.759630118881633,10.870458956520078,,11.035582972020785,15.788589664632436,,10.843748685048862,15.513702492387505,,9.985896688776846,15.17819261773441,,10.67509927304084,39.56451612903227,
2022-11-01,2022,11,t11,https://vietnamtourism.gov.vn/statistic/international?year=2022&period=t11,596919,417400.0,91932.0,62500.0,23465.0,56223.0,Tổng số,Châu Á,Châu Âu,Châu Mỹ,Châu Úc,Các thị trường khác thuộc châu Á,13.299536704777633,23.239978941065953,-70.61710966030836,12.941800273625237,19.981833129243487,-71.67579026513063,11.42880445230482,48.1746530631981,-74.53181445446688,11.042921835724492,22.039325952394904,-43.842939934408555,10.063265228228518,8.044018786260242,-70.68487331967418,10.93708120482979,29.950306252166882,-55.76788425681896
2022-12-01,2022,12,t12,https://vietnamtourism.gov.vn/statistic/international?year=2022&period=t12,707071,519887.0,92830.0,65519.0,26896.0,62110.0,Tổng số,Châu Á,Châu Âu,Châu Mỹ,Châu Úc,Các thị trường khác thuộc châu Á,13.468886364164671,18.45342500406253,22708.74193548387,13.161366759250564,24.553665548634406,,11.438525142393978,0.9768089457425022,,11.090095455895215,4.83039999999999,,10.199732855648397,14.62177711485191,,11.036662285553348,10.470803763584291,
2023-01-01,2023,1,t1,https://vietnamtourism.gov.vn/statistic/international?year=2023&period=t1,707071,519887.0,92830.0,65519.0,26896.0,62110.0,Tổng số,Châu Á,Châu Âu,Châu Mỹ,Châu Úc,Các thị trường khác thuộc châu Á,13.468886364164671,0.0,22708.74193548387,13.161366759250564,0.0,3654.510002166534,11.438525142393978,0.0,2040.4196449158405,11.090095455895215,0.0,5244.127243066884,10.199732855648397,0.0,11248.523206751055,11.036662285553348,0.0,3322.038567493113
2023-02-01,2023,2,t2,https://vietnamtourism.gov.vn/statistic/international?year=2023&period=t2,932969,685750.0,125318.0,90188.0,29678.0,47481.0,Tổng số,Châu Á,Châu Âu,Châu Mỹ,Châu Úc,Các thị trường khác thuộc châu Á,13.746127253125282,31.948418192798165,3060.7853101602464,13.43826840879985,31.903663680761408,3532.9201101928375,11.73860978579419,34.99730690509533,2063.266010702572,11.409651659506403,37.65167356034127,2405.222222222222,10.298161309566071,10.343545508625818,2533.3629103815438,10.768084910001393,-23.553373047818383,3958.205128205128
2023-03-01,2023,3,t3,https://vietnamtourism.gov.vn/statistic/international?year=2023&period=t3,895425,645970.0,142577.0,77603.0,27441.0,47806.0,Tổng số,Châu Á,Châu Âu,Châu Mỹ,Châu Úc,Các thị trường khác thuộc châu Á,13.705053744881699,-4.024142281254795,2045.2443699089604,13.378508342057904,-5.800947867298579,2406.4799006673907,11.86763748363107,13.772163615761501,2091.806302843966,11.259361365217854,-13.954184592185214,939.1403320835565,10.219793524324475,-7.5375699171103205,1470.7498568975386,10.774906433614746,0.6844843200437989,3285.694050991501
2023-04-01,2023,4,t4,https://vietnamtourism.gov.vn/statistic/international?year=2023&period=t4,2031519,1473651.0,360968.0,111295.0,80044.0,127109.0,Tổng số,Châu Á,Châu Âu,Châu Mỹ,Châu Úc,Các thị trường khác thuộc châu Á,14.524294347061236,126.87762794203871,1904.0040247403156,14.203253553004819,128.12994411505176,2364.299331103679,12.796544590726745,153.1740743598196,1745.1566733118643,11.61993961262471,43.41584732549,616.7836671604302,11.290331762461454,191.69490907765754,1228.5311203319502,11.752800265056132,165.88503535121112,1738.6952119195719
2023-05-01,2023,5,t5,https://vietnamtourism.gov.vn/statistic/international?year=2023&period=t5,916257,726842.0,98880.0,58450.0,29924.0,40713.0,Tổng số,Châu Á,Châu Âu,Châu Mỹ,Châu Úc,Các thị trường khác thuộc châu Á,13.728052171990104,-54.89793597795541,429.78756620487087,13.496464401396432,-50.677467052918225,544.9752868412412,11.501662272691517,-72.60699009330467,240.32008260196181,10.975926966900214,-47.48191742665888,167.4567584881486,10.306416112992295,-62.61556144120733,245.1441753171857,10.61430273074948,-67.97000999142469,214.8967437543507
2023-06-01,2023,6,t6,https://vietnamtourism.gov.vn/statistic/international?year=2023&period=t6,975010,791323.0,74185.0,77394.0,30204.0,39612.0,Tổng số,Châu Á,Châu Âu,Châu Mỹ,Châu Úc,Các thị trường khác thuộc châu Á,13.790203006337643,6.412283889782011,-52.005863592710675,13.581461507268644,8.871391581664234,-46.30187201718724,11.214317252384895,-24.97471682847896,-79.44831674829902,11.256664537193192,32.41060735671515,-30.460487892537845,10.315729644923316,0.9357037829167192,-62.265753835390534,10.586887381641194,-2.704295925134481,-68.83619570604756
2023-07-01,2023,7,t7,https://vietnamtourism.gov.vn/statistic/international?year=2023&period=t7,1038563,818885.0,94266.0,82669.0,40417.0,41276.0,Tổng số,Châu Á,Châu Âu,Châu Mỹ,Châu Úc,Các thị trường khác thuộc châu Á,13.853348584878129,6.518189557030185,194.56178615289053,13.615698937835663,3.483027790169113,232.5907543843973,11.453875852175653,27.068814450360577,102.76618627661863,11.322599961887121,6.815773832596839,104.11090810330354,10.60700576752029,33.81340219838431,119.96843365625338,10.628036496235605,4.2007472483085895,68.6731232887908
2023-08-01,2023,8,t8,https://vietnamtourism.gov.vn/statistic/international?year=2023&period=t8,1217421,981815.0,129827.0,69331.0,33645.0,45342.0,Tổng số,Châu Á,Châu Âu,Châu Mỹ,Châu Úc,Các thị trường khác thuộc châu Á,14.01224524476997,17.221680341009638,150.28854436716577,13.797158178550086,19.896566672976057,173.8201482588785,11.773958073947218,37.724099887552256,99.3321152753681,11.146647415602889,-16.134222017926913,58.35141493273645,10.423619735622419,-16.755325729272343,94.45728817477747,10.721989034248775,9.850760732629137,53.38971583220569
2023-09-01,2023,9,t9,https://vietnamtourism.gov.vn/statistic/international?year=2023&period=t9,1054449,862863.0,96519.0,57426.0,34759.0,41983.0,Tổng số,Châu Á,Châu Âu,Châu Mỹ,Châu Úc,Các thị trường khác thuộc châu Á,13.868528913577755,-13.386659175420823,144.1368436406743,13.668011208912116,-12.115520744743158,174.99243093024663,11.477495159138261,-25.655680251411496,80.12989194334024,10.958252441423962,-17.171250955561,29.52746137363258,10.456193810265846,3.3110417595482167,84.33920237590158,10.645020053422533,-7.40814256098099,35.42903225806451
2023-10-01,2023,10,t10,https://vietnamtourism.gov.vn/statistic/international?year=2023&period=t10,1112526,898976.0,105258.0,65080.0,40384.0,40084.0,Tổng số,Châu Á,Châu Âu,Châu Mỹ,Châu Úc,Các thị trường khác thuộc châu Á,13.922143663535957,5.507805498416718,129.69227116474488,13.70901161676815,4.185253047123361,158.41108868997313,11.56416975815724,9.054175861747439,69.65330496591073,11.083372561332974,13.328457493121594,27.07710932770977,10.606188945900884,16.182859115624737,85.9471406206833,10.59873253117822,-4.523259414524928,-7.352363342193458
2023-11-01,2023,11,t11,https://vietnamtourism.gov.vn/statistic/international?year=2023&period=t11,1233371,947390.0,166807.0,79491.0,36582.0,45752.0,Tổng số,Châu Á,Châu Âu,Châu Mỹ,Châu Úc,Các thị trường khác thuộc châu Á *,14.02526162902053,10.86221805153318,106.62284162507811,13.761466114212366,5.385460790944374,126.97412553905126,12.024592734453076,58.474415246347064,81.44606883348561,11.283399086686796,22.143515673017824,27.185600000000008,10.50731159513587,-9.414619651347067,55.90027700831024,10.730990785595152,14.140305358746641,-18.624050655425716
2023-12-01,2023,12,t12,https://vietnamtourism.gov.vn/statistic/international?year=2023&period=t12,1371135,1079631.0,171286.0,76385.0,40024.0,56652.0,Tổng số,Châu Á,Châu Âu,Châu Mỹ,Châu Úc,Các thị trường khác thuộc châu Á *,14.131149421968104,11.169712924983632,93.91758394842951,13.892129874052381,13.958454279652521,107.66647367601037,12.051089953009662,2.6851391128669633,84.51578153614135,11.243541620799823,-3.9073605817010693,16.58450220546712,10.597234553168041,9.408998961237769,48.81023200475907,10.944682570334287,23.824095121524746,-8.787634841410396
2024-01-01,2024,1,t1,https://vietnamtourism.gov.vn/statistic/international?year=2024&period=t1,1371135,1079631.0,171286.0,76385.0,40024.0,56652.0,Tổng số,Châu Á,Châu Âu,Châu Mỹ,Châu Úc,Các thị trường khác thuộc châu Á,14.131149421968104,0.0,93.91758394842951,13.892129874052381,0.0,107.66647367601037,12.051089953009662,0.0,84.51578153614135,11.243541620799823,0.0,16.58450220546712,10.597234553168041,0.0,48.81023200475907,10.944682570334287,0.0,-8.787634841410396
2024-02-01,2024,2,t2,https://vietnamtourism.gov.vn/statistic/international?year=2024&period=t2,1531411,1174645.0,209883.0,104774.0,38056.0,74469.0,Tổng số,Châu Á,Châu Âu,Châu Mỹ,Châu Úc,Các thị trường khác thuộc châu Á,14.241700090605194,11.689293906143462,64.14382471443317,13.976476532251066,8.800599464076143,71.29347429821364,12.25430551158071,22.533657158203233,67.48033004037728,11.559560928486214,37.165673888852524,16.17288331041824,10.546814038112117,-4.917049770137916,28.229665071770338,11.2181382103884,31.449904681211606,56.83957793643772
2024-03-01,2024,3,t3,https://vietnamtourism.gov.vn/statistic/international?year=2024&period=t3,1599074,1221658.0,235073.0,100265.0,38182.0,70373.0,Tổng số,Châu Á,Châu Âu,Châu Mỹ,Châu Úc,Các thị trường khác thuộc châu Á,14.284935269669583,4.4183436059947345,78.58268420024011,14.015719510475918,4.002315593221772,89.11992817003886,12.367651383186082,12.001924881958036,64.87441873513961,11.515571959911133,-4.303548590299123,29.202479285594627,10.550119479354604,0.33109102375445953,39.14215954229072,11.16156494585521,-5.500275282332245,47.205371710663925
2024-04-01,2024,4,t4,https://vietnamtourism.gov.vn/statistic/international?year=2024&period=t4,1556533,1214249.0,193831.0,91560.0,52809.0,69293.0,Tổng số,Châu Á,Châu Âu,Châu Mỹ,Châu Úc,Các thị trường khác thuộc châu Á,14.25797147005248,-2.6603521788234996,-23.380829812568827,14.009636336654019,-0.6064708781017281,-17.6026752602889,12.174741924367101,-17.544337290969192,-46.302442321757056,11.424749774066504,-8.681992719293874,-17.73215328631116,10.874436909714081,38.30862710177571,-34.02503623007346,11.146099169975122,-1.5346794935557684,-45.485370823466475
2024-05-01,2024,5,t5,https://vietnamtourism.gov.vn/statistic/international?year=2024&period=t5,1383703,1156067.0,120280.0,66273.0,36666.0,70196.0,Tổng số,Châu Á,Châu Âu,Châu Mỹ,Châu Úc,Các thị trường khác thuộc châu Á,14.140273796755148,-11.103523021998251,51.01690901133633,13.960534285012441,-4.791603699076552,59.05341188318782,11.697577637102466,-37.945942599480986,21.642394822006473,11.101537853410294,-27.617955439056352,13.384088964927287,10.50960517412297,-30.56865307049935,22.530410372944786,11.159046608333497,1.3031619355490465,72.41667280721144
2024-06-01,2024,6,t6,https://vietnamtourism.gov.vn/statistic/international?year=2024&period=t6,1249237,1051710.0,83663.0,76752.0,33445.0,60191.0,Tổng số,Châu Á,Châu Âu,Châu Mỹ,Châu Úc,Các thị trường khác thuộc châu Á,14.03804352290856,-9.7178368479363,28.125557686587822,13.865927968877862,-9.026898960008378,32.905273826237824,11.334552103784286,-30.443132690389096,12.776167688885899,11.248334723741845,15.811869086958485,-0.829521668346378,10.417657577552509,-8.784705176457752,10.730366838829287,11.005278118459296,-14.252948885976412,51.95142885994144
2024-08-01,2024,8,t8,https://vietnamtourism.gov.vn/statistic/international?year=2024&period=t8,1446809,1191077.0,149102.0,64050.0,37550.0,49726.0,Tổng số,Châu Á,Châu Âu,Châu Mỹ,Châu Úc,Các thị trường khác thuộc châu Á,14.18487099966556,15.815413728539895,39.308737168568484,13.990368497800931,13.251466659060007,45.451070663157836,11.912385914479096,78.21737207606706,58.1715570831477,11.06741930732488,-16.549405878674172,-22.52234815952776,10.53342865719228,12.273882493646294,-7.093549743919636,10.814283214128304,-17.386320213985485,20.471944955906586
2024-09-01,2024,9,t9,https://vietnamtourism.gov.vn/statistic/international?year=2024&period=t9,1274804,1060201.0,102889.0,62332.0,44719.0,59834.0,Tổng số,Châu Á,Châu Âu,Châu Mỹ,Châu Úc,Các thị trường khác thuộc châu Á,14.058302999267493,-11.888576861216649,4.713488595974602,13.873969070753658,-10.988038556701207,7.983785132637,11.541406016205121,-30.99421872275355,-20.749150792978345,11.040230216565504,-2.6822794691647167,-10.095051275764089,10.708153746219391,19.091877496671096,32.914251746173285,10.99932934024157,20.327394119776375,31.961536765030218
2024-10-01,2024,10,t10,https://vietnamtourism.gov.vn/statistic/international?year=2024&period=t10,1419833,1132872.0,161718.0,76190.0,45030.0,65100.0,Tổng số,Châu Á,Châu Âu,Châu Mỹ,Châu Úc,Các thị trường khác thuộc châu Á,14.166049817027556,11.376572398580498,34.65165218991151,13.940266559223819,6.854454957126044,31.29222136074905,11.993609356624066,57.17715207650964,67.55043048518945,11.240985499467055,22.23256112430212,32.675094904746985,10.715084213295617,0.6954538339408289,29.549181506947832,11.08367982819666,8.801016144666907,55.06276349951171
2024-11-01,2024,11,t11,https://vietnamtourism.gov.vn/statistic/international?year=2024&period=t11,1711512,1357769.0,206168.0,95087.0,48341.0,155043.0,Tổng số,Châu Á,Châu Âu,Châu Mỹ,Châu Úc,Các thị trường khác thuộc châu Á,14.352887748321312,20.5431906428432,53.84017991489638,14.121353469538823,19.851933846012603,51.03506656462464,12.236446649385156,27.486117810014953,95.86919759068195,11.462547540977022,24.802467515421966,46.107867240319614,10.786035340845325,7.352875860537411,19.703347860538823,11.951457776782588,138.16129032258067,286.79523001696435
2024-12-01,2024,12,t12,https://vietnamtourism.gov.vn/statistic/international?year=2024&period=t12,1747240,1382509.0,213091.0,92175.0,55574.0,65450.0,Tổng số,Châu Á,Châu Âu,Châu Mỹ,Châu Úc,Các thị trường khác thuộc châu Á,14.373547958043558,2.0875109260116265,41.663781619642435,14.139410522303187,1.8221067059271512,45.92818163586274,12.26947458350174,3.3579410965814294,27.747036994850326,11.431444223102345,-3.062458590553918,15.956523380005283,10.925470744968305,14.962454231397771,51.91624296101909,11.089041771338046,-57.785904555510406,43.053855569155445
2025-01-01,2025,1,t1,https://vietnamtourism.gov.vn/statistic/international?year=2025&period=t1,1747240,1382509.0,213091.0,92175.0,55574.0,65450.0,Tổng số,Châu Á,Châu Âu,Châu Mỹ,Châu Úc,Các thị trường khác thuộc châu Á,14.373547958043558,0.0,27.43019469271808,14.139410522303187,0.0,28.05384432273619,12.26947458350174,0.0,24.40654811251357,11.431444223102345,0.0,20.67159782679846,10.925470744968305,0.0,38.851688986608046,11.089041771338046,0.0,15.5299018569512
2025-02-01,2025,2,t2,https://vietnamtourism.gov.vn/statistic/international?year=2025&period=t2,1893933,1491673.0,239702.0,116971.0,41464.0,166682.0,Tổng số,Châu Á,Châu Âu,Châu Mỹ,Châu Úc,Các thị trường khác thuộc châu Á,14.454166177234452,8.395698358554071,38.12884945683685,14.215408866824026,7.896078795870398,38.16507677160066,12.387151764150705,12.488091941940294,39.94255222259846,11.669681319808857,26.901003525901814,53.13346861294757,10.632580859869542,-25.389570662540038,3.59784129522287,12.02384308450448,154.67074102368218,194.22085716303044
2025-03-01,2025,3,t3,https://vietnamtourism.gov.vn/statistic/international?year=2025&period=t3,2054309,1614360.0,285526.0,104874.0,46383.0,97610.0,Tổng số,Châu Á,Châu Âu,Châu Mỹ,Châu Úc,Các thị trường khác thuộc châu Á,14.535450096325379,8.467881387567555,34.144850729164155,14.294449151267589,8.224791894738326,37.433862996905454,12.562088372232962,19.117070362366604,36.04055592877937,11.56051490856314,-10.341879611185679,0.09544352606563056,10.744688291770704,11.863303106309097,21.8809123397099,11.48873522616901,-41.43938757634298,31.07467536827404
2025-04-01,2025,4,t4,https://vietnamtourism.gov.vn/statistic/international?year=2025&period=t4,1654681,1250571.0,247050.0,86594.0,65218.0,97544.0,Tổng số,Châu Á,Châu Âu,Châu Mỹ,Châu Úc,Các thị trường khác thuộc châu Á,14.319118798970065,-19.453159188807522,3.4774500742304593,14.039110804977126,-22.534564781089717,2.366701646450964,12.417346024273897,-13.475480341545076,5.095013038502927,11.36898580808561,-17.43044033792932,-13.634867600857724,11.085490783433066,40.60755018002284,70.8082342465036,11.4880588372401,-0.06761602294846902,38.60997825870718
2025-05-01,2025,5,t5,https://vietnamtourism.gov.vn/statistic/international?year=2025&period=t5,1528352,1253268.0,162550.0,68772.0,39720.0,87044.0,Tổng số,Châu Á,Châu Âu,Châu Mỹ,Châu Úc,Các thị trường khác thuộc châu Á,14.239700588670463,-7.634643777259786,-1.8104980748882338,14.0412650976797,0.21566148583327394,3.2134265706621923,11.99874092573205,-34.20360250961344,-16.138285413581933,11.138551964339738,-20.581102616809478,-24.88859764089122,10.58961011815911,-39.096568432027965,-24.785547917968533,11.374169016916182,-10.764373000902161,25.617306221407652
2025-06-01,2025,6,t6,https://vietnamtourism.gov.vn/statistic/international?year=2025&period=t6,2031519,1473651.0,360968.0,111295.0,80044.0,127109.0,Tổng số,Châu Á,Châu Âu,Châu Mỹ,Châu Úc,Các thị trường khác thuộc châu Á,14.524294347061236,32.92219331672286,46.81756128302099,14.203253553004819,17.584666647516723,27.471072178342617,12.796544590726745,122.06582589972315,200.10641835716663,11.61993961262471,61.83185017158146,67.93415116261525,11.290331762461454,101.52064451158105,118.30578737795233,11.752800265056132,46.02844538394375,81.07726936007748
2025-07-01,2025,7,t7,https://vietnamtourism.gov.vn/statistic/international?year=2025&period=t7,1562588,1225257.0,191942.0,87242.0,53273.0,91007.0,Tổng số,Châu Á,Châu Âu,Châu Mỹ,Châu Úc,Các thị trường khác thuộc châu Á,14.261853979006782,-23.082776976242904,25.083390901806467,14.018661175875245,-16.85568699780341,16.501411986193904,12.164948522040223,-46.82575740785887,129.42280338979,11.376441145316425,-21.611932252122735,13.6673962893475,10.8831849152016,-33.445355054719904,59.285393930333385,11.418691705617482,-28.40239479501845,51.197022810719204
2025-08-01,2025,8,t8,https://vietnamtourism.gov.vn/statistic/international?year=2025&period=t8,1684972,1360039.0,214925.0,65452.0,38823.0,93442.0,Tổng số,Châu Á,Châu Âu,Châu Mỹ,Châu Úc,Các thị trường khác thuộc châu Á,14.33725950441985,7.832134894162768,16.461260608691262,14.12302393377166,11.000304425928608,14.185648786770289,12.278044409042645,11.973929624574087,44.14628911751686,11.089072328548786,-24.97650214346301,2.1889149102263916,10.566768133489779,-27.12443451654685,3.3901464713715024,11.445096201942578,2.675618359027321,87.9137674456019
2025-09-01,2025,9,t9,https://vietnamtourism.gov.vn/statistic/international?year=2025&period=t9,1523388,1244379.0,161503.0,63962.0,48682.0,86815.0,Tổng số,Châu Á,Châu Âu,Châu Mỹ,Châu Úc,Các thị trường khác thuộc châu Á,14.236447359772825,-9.589714250444514,19.499781927260983,14.034147168260525,-8.504167895185354,17.37198889644511,11.992278997323712,-24.856112597417702,56.96818901923433,11.066044436002473,-2.2764774185662806,2.61502919848553,10.793064630891859,25.39474023130619,8.862004964332826,11.371534696778237,-7.092099912245031,45.09309088478122
2025-10-01,2025,10,t10,https://vietnamtourism.gov.vn/statistic/international?year=2025&period=t10,1732942,1376126.0,218096.0,82416.0,51156.0,85014.0,Tổng số,Châu Á,Châu Âu,Châu Mỹ,Châu Úc,Các thị trường khác thuộc châu Á,14.365331100163068,13.755786444425189,22.052523078418385,14.134782863050612,10.587369282188153,21.47232873616789,12.292690611810624,35.0414543383095,34.86192013257645,11.319534871805367,28.851505581438985,8.171676072975465,10.84263506655321,5.081960478205505,13.604263824117258,11.350571227792281,-2.07452629153948,30.589861751152082
2025-11-01,2025,11,t11,https://vietnamtourism.gov.vn/statistic/international?year=2025&period=t11,1978174,1477295.0,329963.0,111835.0,53663.0,129357.0,Tổng số,Châu Á,Châu Âu,Châu Mỹ,Châu Úc,Các thị trường khác thuộc châu Á,14.497684754939954,14.151194904388031,15.580492570312089,14.205723270751072,7.351725060059899,8.803117466962341,12.706735805944488,51.29255006969409,60.045690892864066,11.624779849744371,35.69573869151621,17.613343569573136,10.890479029983002,4.900695910548136,11.00928818187461,11.77033130288745,52.159644293881,-16.567016892088006
2025-12-01,2025,12,t12,https://vietnamtourism.gov.vn/statistic/international?year=2025&period=t12,2021619,1533979.0,313851.0,111189.0,57563.0,88251.0,Tổng số,Châu Á,Châu Âu,Châu Mỹ,Châu Úc,Các thị trường khác thuộc châu Á,14.519409233508197,2.196217319608884,15.703566768160071,14.243375571115504,3.8370129188821434,10.956167373955616,12.656673629976064,-4.882971727133045,47.28496276238789,11.618986735042318,-0.5776366969195701,20.62815296989422,10.960635279170578,7.267577287889226,3.579011768092988,11.387940306176102,-31.777174795333842,34.837280366692134
